nohup: ignoring input
00:58:34 | INFO     | ============================================================
00:58:34 | INFO     | Steam 高 AppID 未发布标签爬虫 启动
00:58:34 | INFO     | ============================================================
00:58:34 | INFO     | 扫描 AppID Top 380000，范围约 3961240 -> 5
00:58:34 | INFO     | 处理批次 1 / 524，app 数 500…
00:58:59 | INFO     | 进度: 200/261603 (0.1%) | 命中: narrative:0, co-op:0, cozy:0, emotional:0
01:04:00 | INFO     | 进度: 400/261603 (0.2%) | 命中: narrative:0, co-op:0, cozy:0, emotional:0
01:08:49 | INFO     | 批次完成 | 当前命中: narrative:111, co-op:15, cozy:131, emotional:192
01:08:49 | INFO     | 处理批次 2 / 524，app 数 500…
01:09:01 | INFO     | 进度: 600/261603 (0.2%) | 命中: narrative:111, co-op:15, cozy:131, emotional:192
01:14:03 | INFO     | 进度: 800/261603 (0.3%) | 命中: narrative:111, co-op:15, cozy:131, emotional:192
01:19:04 | INFO     | 进度: 1000/261603 (0.4%) | 命中: narrative:111, co-op:15, cozy:131, emotional:192
01:19:04 | INFO     | 批次完成 | 当前命中: narrative:226, co-op:41, cozy:267, emotional:391
01:19:04 | INFO     | 处理批次 3 / 524，app 数 500…
01:20:01 | INFO     | 进度: 1200/261603 (0.5%) | 命中: narrative:226, co-op:41, cozy:267, emotional:391
01:24:31 | INFO     | 进度: 1400/261603 (0.5%) | 命中: narrative:226, co-op:41, cozy:267, emotional:391
01:29:21 | INFO     | 批次完成 | 当前命中: narrative:342, co-op:76, cozy:390, emotional:581
01:29:21 | INFO     | 处理批次 4 / 524，app 数 500…
01:29:33 | INFO     | 进度: 1600/261603 (0.6%) | 命中: narrative:342, co-op:76, cozy:390, emotional:581
01:34:35 | INFO     | 进度: 1800/261603 (0.7%) | 命中: narrative:342, co-op:76, cozy:390, emotional:581
01:39:36 | INFO     | 进度: 2000/261603 (0.8%) | 命中: narrative:342, co-op:76, cozy:390, emotional:581
01:39:37 | INFO     | 批次完成 | 当前命中: narrative:449, co-op:95, cozy:508, emotional:759
01:39:37 | INFO     | 处理批次 5 / 524，app 数 500…
01:41:06 | INFO     | 进度: 2200/261603 (0.8%) | 命中: narrative:449, co-op:95, cozy:508, emotional:759
01:45:03 | INFO     | 进度: 2400/261603 (0.9%) | 命中: narrative:449, co-op:95, cozy:508, emotional:759
01:49:53 | INFO     | 批次完成 | 当前命中: narrative:553, co-op:120, cozy:603, emotional:917
01:49:53 | INFO     | 处理批次 6 / 524，app 数 500…
01:50:06 | INFO     | 进度: 2600/261603 (1.0%) | 命中: narrative:553, co-op:120, cozy:603, emotional:917
01:55:08 | INFO     | 进度: 2800/261603 (1.1%) | 命中: narrative:553, co-op:120, cozy:603, emotional:917
02:00:10 | INFO     | 进度: 3000/261603 (1.1%) | 命中: narrative:553, co-op:120, cozy:603, emotional:917
02:00:10 | INFO     | 批次完成 | 当前命中: narrative:654, co-op:134, cozy:700, emotional:1075
02:00:10 | INFO     | 处理批次 7 / 524，app 数 500…
02:02:12 | INFO     | 进度: 3200/261603 (1.2%) | 命中: narrative:654, co-op:134, cozy:700, emotional:1075
02:05:36 | INFO     | 进度: 3400/261603 (1.3%) | 命中: narrative:654, co-op:134, cozy:700, emotional:1075
02:10:26 | INFO     | 批次完成 | 当前命中: narrative:748, co-op:155, cozy:792, emotional:1218
02:10:26 | INFO     | 处理批次 8 / 524，app 数 500…
02:10:38 | INFO     | 进度: 3600/261603 (1.4%) | 命中: narrative:748, co-op:155, cozy:792, emotional:1218
02:15:40 | INFO     | 进度: 3800/261603 (1.5%) | 命中: narrative:748, co-op:155, cozy:792, emotional:1218
02:20:42 | INFO     | 进度: 4000/261603 (1.5%) | 命中: narrative:748, co-op:155, cozy:792, emotional:1218
02:20:42 | INFO     | 批次完成 | 当前命中: narrative:855, co-op:178, cozy:880, emotional:1371
02:20:42 | INFO     | 处理批次 9 / 524，app 数 500…
02:23:48 | INFO     | 进度: 4200/261603 (1.6%) | 命中: narrative:855, co-op:178, cozy:880, emotional:1371
02:26:08 | INFO     | 进度: 4400/261603 (1.7%) | 命中: narrative:855, co-op:178, cozy:880, emotional:1371
02:30:57 | INFO     | 批次完成 | 当前命中: narrative:962, co-op:197, cozy:952, emotional:1515
02:30:57 | INFO     | 处理批次 10 / 524，app 数 500…
02:31:09 | INFO     | 进度: 4600/261603 (1.8%) | 命中: narrative:962, co-op:197, cozy:952, emotional:1515
02:36:10 | INFO     | 进度: 4800/261603 (1.8%) | 命中: narrative:962, co-op:197, cozy:952, emotional:1515
02:41:12 | INFO     | 进度: 5000/261603 (1.9%) | 命中: narrative:962, co-op:197, cozy:952, emotional:1515
02:41:12 | INFO     | 批次完成 | 当前命中: narrative:1058, co-op:219, cozy:1026, emotional:1664
02:41:12 | INFO     | 处理批次 11 / 524，app 数 500…
02:44:51 | INFO     | 进度: 5200/261603 (2.0%) | 命中: narrative:1058, co-op:219, cozy:1026, emotional:1664
02:46:38 | INFO     | 进度: 5400/261603 (2.1%) | 命中: narrative:1058, co-op:219, cozy:1026, emotional:1664
02:51:27 | INFO     | 批次完成 | 当前命中: narrative:1149, co-op:240, cozy:1109, emotional:1798
02:51:27 | INFO     | 处理批次 12 / 524，app 数 500…
02:51:40 | INFO     | 进度: 5600/261603 (2.1%) | 命中: narrative:1149, co-op:240, cozy:1109, emotional:1798
02:56:41 | INFO     | 进度: 5800/261603 (2.2%) | 命中: narrative:1149, co-op:240, cozy:1109, emotional:1798
03:01:43 | INFO     | 进度: 6000/261603 (2.3%) | 命中: narrative:1149, co-op:240, cozy:1109, emotional:1798
03:01:43 | INFO     | 批次完成 | 当前命中: narrative:1254, co-op:264, cozy:1193, emotional:1953
03:01:43 | INFO     | 处理批次 13 / 524，app 数 500…
03:05:22 | INFO     | 进度: 6200/261603 (2.4%) | 命中: narrative:1254, co-op:264, cozy:1193, emotional:1953
03:07:08 | INFO     | 进度: 6400/261603 (2.4%) | 命中: narrative:1254, co-op:264, cozy:1193, emotional:1953
03:11:57 | INFO     | 批次完成 | 当前命中: narrative:1329, co-op:295, cozy:1285, emotional:2084
03:11:57 | INFO     | 处理批次 14 / 524，app 数 500…
03:12:09 | INFO     | 进度: 6600/261603 (2.5%) | 命中: narrative:1329, co-op:295, cozy:1285, emotional:2084
03:17:10 | INFO     | 进度: 6800/261603 (2.6%) | 命中: narrative:1329, co-op:295, cozy:1285, emotional:2084
03:22:11 | INFO     | 进度: 7000/261603 (2.7%) | 命中: narrative:1329, co-op:295, cozy:1285, emotional:2084
03:22:11 | INFO     | 批次完成 | 当前命中: narrative:1403, co-op:314, cozy:1341, emotional:2197
03:22:11 | INFO     | 处理批次 15 / 524，app 数 500…
03:26:23 | INFO     | 进度: 7200/261603 (2.8%) | 命中: narrative:1403, co-op:314, cozy:1341, emotional:2197
03:27:36 | INFO     | 进度: 7400/261603 (2.8%) | 命中: narrative:1403, co-op:314, cozy:1341, emotional:2197
03:32:25 | INFO     | 批次完成 | 当前命中: narrative:1464, co-op:326, cozy:1404, emotional:2295
03:32:25 | INFO     | 处理批次 16 / 524，app 数 500…
03:32:37 | INFO     | 进度: 7600/261603 (2.9%) | 命中: narrative:1464, co-op:326, cozy:1404, emotional:2295
03:37:38 | INFO     | 进度: 7800/261603 (3.0%) | 命中: narrative:1464, co-op:326, cozy:1404, emotional:2295
03:42:39 | INFO     | 进度: 8000/261603 (3.1%) | 命中: narrative:1464, co-op:326, cozy:1404, emotional:2295
03:42:39 | INFO     | 批次完成 | 当前命中: narrative:1535, co-op:345, cozy:1463, emotional:2395
03:42:39 | INFO     | 处理批次 17 / 524，app 数 500…
03:47:23 | INFO     | 进度: 8200/261603 (3.1%) | 命中: narrative:1535, co-op:345, cozy:1463, emotional:2395
03:47:57 | INFO     | 进度: 8400/261603 (3.2%) | 命中: narrative:1535, co-op:345, cozy:1463, emotional:2395
03:52:40 | INFO     | 批次完成 | 当前命中: narrative:1593, co-op:358, cozy:1504, emotional:2471
03:52:40 | INFO     | 处理批次 18 / 524，app 数 500…
03:52:52 | INFO     | 进度: 8600/261603 (3.3%) | 命中: narrative:1593, co-op:358, cozy:1504, emotional:2471
03:57:41 | INFO     | 进度: 8800/261603 (3.4%) | 命中: narrative:1593, co-op:358, cozy:1504, emotional:2471
04:02:42 | INFO     | 进度: 9000/261603 (3.4%) | 命中: narrative:1593, co-op:358, cozy:1504, emotional:2471
04:02:42 | INFO     | 批次完成 | 当前命中: narrative:1674, co-op:388, cozy:1569, emotional:2585
04:02:42 | INFO     | 处理批次 19 / 524，app 数 500…
04:07:43 | INFO     | 进度: 9200/261603 (3.5%) | 命中: narrative:1674, co-op:388, cozy:1569, emotional:2585
04:08:39 | INFO     | 进度: 9400/261603 (3.6%) | 命中: narrative:1674, co-op:388, cozy:1569, emotional:2585
04:12:56 | INFO     | 批次完成 | 当前命中: narrative:1752, co-op:412, cozy:1626, emotional:2704
04:12:56 | INFO     | 处理批次 20 / 524，app 数 500…
04:13:09 | INFO     | 进度: 9600/261603 (3.7%) | 命中: narrative:1752, co-op:412, cozy:1626, emotional:2704
04:18:10 | INFO     | 进度: 9800/261603 (3.7%) | 命中: narrative:1752, co-op:412, cozy:1626, emotional:2704
04:23:11 | INFO     | 进度: 10000/261603 (3.8%) | 命中: narrative:1752, co-op:412, cozy:1626, emotional:2704
04:23:11 | INFO     | 批次完成 | 当前命中: narrative:1810, co-op:427, cozy:1680, emotional:2791
04:23:11 | INFO     | 处理批次 21 / 524，app 数 500…
04:28:13 | INFO     | 进度: 10200/261603 (3.9%) | 命中: narrative:1810, co-op:427, cozy:1680, emotional:2791
04:29:42 | INFO     | 进度: 10400/261603 (4.0%) | 命中: narrative:1810, co-op:427, cozy:1680, emotional:2791
04:33:27 | INFO     | 批次完成 | 当前命中: narrative:1878, co-op:441, cozy:1742, emotional:2896
04:33:27 | INFO     | 处理批次 22 / 524，app 数 500…
04:33:39 | INFO     | 进度: 10600/261603 (4.1%) | 命中: narrative:1878, co-op:441, cozy:1742, emotional:2896
04:38:40 | INFO     | 进度: 10800/261603 (4.1%) | 命中: narrative:1878, co-op:441, cozy:1742, emotional:2896
04:43:41 | INFO     | 进度: 11000/261603 (4.2%) | 命中: narrative:1878, co-op:441, cozy:1742, emotional:2896
04:43:41 | INFO     | 批次完成 | 当前命中: narrative:1946, co-op:459, cozy:1801, emotional:3006
04:43:41 | INFO     | 处理批次 23 / 524，app 数 500…
04:48:43 | INFO     | 进度: 11200/261603 (4.3%) | 命中: narrative:1946, co-op:459, cozy:1801, emotional:3006
04:50:12 | INFO     | 进度: 11400/261603 (4.4%) | 命中: narrative:1946, co-op:459, cozy:1801, emotional:3006
04:53:56 | INFO     | 批次完成 | 当前命中: narrative:2019, co-op:474, cozy:1867, emotional:3112
04:53:56 | INFO     | 处理批次 24 / 524，app 数 500…
04:54:09 | INFO     | 进度: 11600/261603 (4.4%) | 命中: narrative:2019, co-op:474, cozy:1867, emotional:3112
04:59:11 | INFO     | 进度: 11800/261603 (4.5%) | 命中: narrative:2019, co-op:474, cozy:1867, emotional:3112
05:04:12 | INFO     | 进度: 12000/261603 (4.6%) | 命中: narrative:2019, co-op:474, cozy:1867, emotional:3112
05:04:12 | INFO     | 批次完成 | 当前命中: narrative:2117, co-op:491, cozy:1929, emotional:3245
05:04:12 | INFO     | 处理批次 25 / 524，app 数 500…
05:09:15 | INFO     | 进度: 12200/261603 (4.7%) | 命中: narrative:2117, co-op:491, cozy:1929, emotional:3245
05:10:44 | INFO     | 进度: 12400/261603 (4.7%) | 命中: narrative:2117, co-op:491, cozy:1929, emotional:3245
05:14:28 | INFO     | 批次完成 | 当前命中: narrative:2187, co-op:510, cozy:1992, emotional:3348
05:14:28 | INFO     | 处理批次 26 / 524，app 数 500…
05:14:41 | INFO     | 进度: 12600/261603 (4.8%) | 命中: narrative:2187, co-op:510, cozy:1992, emotional:3348
05:19:42 | INFO     | 进度: 12800/261603 (4.9%) | 命中: narrative:2187, co-op:510, cozy:1992, emotional:3348
05:24:43 | INFO     | 进度: 13000/261603 (5.0%) | 命中: narrative:2187, co-op:510, cozy:1992, emotional:3348
05:24:43 | INFO     | 批次完成 | 当前命中: narrative:2257, co-op:525, cozy:2054, emotional:3461
05:24:43 | INFO     | 处理批次 27 / 524，app 数 500…
05:29:45 | INFO     | 进度: 13200/261603 (5.0%) | 命中: narrative:2257, co-op:525, cozy:2054, emotional:3461
05:31:48 | INFO     | 进度: 13400/261603 (5.1%) | 命中: narrative:2257, co-op:525, cozy:2054, emotional:3461
05:34:59 | INFO     | 批次完成 | 当前命中: narrative:2343, co-op:544, cozy:2141, emotional:3602
05:34:59 | INFO     | 处理批次 28 / 524，app 数 500…
05:35:11 | INFO     | 进度: 13600/261603 (5.2%) | 命中: narrative:2343, co-op:544, cozy:2141, emotional:3602
05:40:13 | INFO     | 进度: 13800/261603 (5.3%) | 命中: narrative:2343, co-op:544, cozy:2141, emotional:3602
05:45:14 | INFO     | 进度: 14000/261603 (5.4%) | 命中: narrative:2343, co-op:544, cozy:2141, emotional:3602
05:45:14 | INFO     | 批次完成 | 当前命中: narrative:2426, co-op:567, cozy:2220, emotional:3726
05:45:14 | INFO     | 处理批次 29 / 524，app 数 500…
05:50:15 | INFO     | 进度: 14200/261603 (5.4%) | 命中: narrative:2426, co-op:567, cozy:2220, emotional:3726
05:52:49 | INFO     | 进度: 14400/261603 (5.5%) | 命中: narrative:2426, co-op:567, cozy:2220, emotional:3726
05:55:28 | INFO     | 批次完成 | 当前命中: narrative:2497, co-op:582, cozy:2274, emotional:3823
05:55:28 | INFO     | 处理批次 30 / 524，app 数 500…
05:55:41 | INFO     | 进度: 14600/261603 (5.6%) | 命中: narrative:2497, co-op:582, cozy:2274, emotional:3823
06:00:42 | INFO     | 进度: 14800/261603 (5.7%) | 命中: narrative:2497, co-op:582, cozy:2274, emotional:3823
06:05:43 | INFO     | 进度: 15000/261603 (5.7%) | 命中: narrative:2497, co-op:582, cozy:2274, emotional:3823
06:05:43 | INFO     | 批次完成 | 当前命中: narrative:2567, co-op:600, cozy:2337, emotional:3935
06:05:43 | INFO     | 处理批次 31 / 524，app 数 500…
06:10:44 | INFO     | 进度: 15200/261603 (5.8%) | 命中: narrative:2567, co-op:600, cozy:2337, emotional:3935
06:13:51 | INFO     | 进度: 15400/261603 (5.9%) | 命中: narrative:2567, co-op:600, cozy:2337, emotional:3935
06:15:58 | INFO     | 批次完成 | 当前命中: narrative:2640, co-op:625, cozy:2402, emotional:4054
06:15:58 | INFO     | 处理批次 32 / 524，app 数 500…
06:16:10 | INFO     | 进度: 15600/261603 (6.0%) | 命中: narrative:2640, co-op:625, cozy:2402, emotional:4054
06:21:11 | INFO     | 进度: 15800/261603 (6.0%) | 命中: narrative:2640, co-op:625, cozy:2402, emotional:4054
06:26:13 | INFO     | 进度: 16000/261603 (6.1%) | 命中: narrative:2640, co-op:625, cozy:2402, emotional:4054
06:26:13 | INFO     | 批次完成 | 当前命中: narrative:2720, co-op:643, cozy:2457, emotional:4170
06:26:13 | INFO     | 处理批次 33 / 524，app 数 500…
06:31:14 | INFO     | 进度: 16200/261603 (6.2%) | 命中: narrative:2720, co-op:643, cozy:2457, emotional:4170
06:34:53 | INFO     | 进度: 16400/261603 (6.3%) | 命中: narrative:2720, co-op:643, cozy:2457, emotional:4170
06:36:28 | INFO     | 批次完成 | 当前命中: narrative:2795, co-op:661, cozy:2529, emotional:4286
06:36:28 | INFO     | 处理批次 34 / 524，app 数 500…
06:36:40 | INFO     | 进度: 16600/261603 (6.3%) | 命中: narrative:2795, co-op:661, cozy:2529, emotional:4286
06:41:42 | INFO     | 进度: 16800/261603 (6.4%) | 命中: narrative:2795, co-op:661, cozy:2529, emotional:4286
06:46:43 | INFO     | 进度: 17000/261603 (6.5%) | 命中: narrative:2795, co-op:661, cozy:2529, emotional:4286
06:46:43 | INFO     | 批次完成 | 当前命中: narrative:2863, co-op:678, cozy:2578, emotional:4387
06:46:43 | INFO     | 处理批次 35 / 524，app 数 500…
06:51:44 | INFO     | 进度: 17200/261603 (6.6%) | 命中: narrative:2863, co-op:678, cozy:2578, emotional:4387
06:55:55 | INFO     | 进度: 17400/261603 (6.7%) | 命中: narrative:2863, co-op:678, cozy:2578, emotional:4387
06:56:57 | INFO     | 批次完成 | 当前命中: narrative:2943, co-op:710, cozy:2662, emotional:4522
06:56:57 | INFO     | 处理批次 36 / 524，app 数 500…
06:57:09 | INFO     | 进度: 17600/261603 (6.7%) | 命中: narrative:2943, co-op:710, cozy:2662, emotional:4522
07:02:10 | INFO     | 进度: 17800/261603 (6.8%) | 命中: narrative:2943, co-op:710, cozy:2662, emotional:4522
07:07:12 | INFO     | 进度: 18000/261603 (6.9%) | 命中: narrative:2943, co-op:710, cozy:2662, emotional:4522
07:07:12 | INFO     | 批次完成 | 当前命中: narrative:3026, co-op:730, cozy:2732, emotional:4646
07:07:12 | INFO     | 处理批次 37 / 524，app 数 500…
07:12:13 | INFO     | 进度: 18200/261603 (7.0%) | 命中: narrative:3026, co-op:730, cozy:2732, emotional:4646
07:16:56 | INFO     | 进度: 18400/261603 (7.0%) | 命中: narrative:3026, co-op:730, cozy:2732, emotional:4646
07:17:26 | INFO     | 批次完成 | 当前命中: narrative:3099, co-op:745, cozy:2796, emotional:4754
07:17:26 | INFO     | 处理批次 38 / 524，app 数 500…
07:17:38 | INFO     | 进度: 18600/261603 (7.1%) | 命中: narrative:3099, co-op:745, cozy:2796, emotional:4754
07:22:39 | INFO     | 进度: 18800/261603 (7.2%) | 命中: narrative:3099, co-op:745, cozy:2796, emotional:4754
07:27:40 | INFO     | 进度: 19000/261603 (7.3%) | 命中: narrative:3099, co-op:745, cozy:2796, emotional:4754
07:27:40 | INFO     | 批次完成 | 当前命中: narrative:3181, co-op:766, cozy:2850, emotional:4872
07:27:40 | INFO     | 处理批次 39 / 524，app 数 500…
07:32:41 | INFO     | 进度: 19200/261603 (7.3%) | 命中: narrative:3181, co-op:766, cozy:2850, emotional:4872
07:37:42 | INFO     | 进度: 19400/261603 (7.4%) | 命中: narrative:3181, co-op:766, cozy:2850, emotional:4872
07:37:54 | INFO     | 批次完成 | 当前命中: narrative:3260, co-op:785, cozy:2934, emotional:5001
07:37:54 | INFO     | 处理批次 40 / 524，app 数 500…
07:38:06 | INFO     | 进度: 19600/261603 (7.5%) | 命中: narrative:3260, co-op:785, cozy:2934, emotional:5001
07:43:08 | INFO     | 进度: 19800/261603 (7.6%) | 命中: narrative:3260, co-op:785, cozy:2934, emotional:5001
07:48:11 | INFO     | 进度: 20000/261603 (7.6%) | 命中: narrative:3260, co-op:785, cozy:2934, emotional:5001
07:48:11 | INFO     | 批次完成 | 当前命中: narrative:3334, co-op:802, cozy:2990, emotional:5109
07:48:11 | INFO     | 处理批次 41 / 524，app 数 500…
07:53:14 | INFO     | 进度: 20200/261603 (7.7%) | 命中: narrative:3334, co-op:802, cozy:2990, emotional:5109
07:58:15 | INFO     | 进度: 20400/261603 (7.8%) | 命中: narrative:3334, co-op:802, cozy:2990, emotional:5109
07:58:27 | INFO     | 批次完成 | 当前命中: narrative:3411, co-op:813, cozy:3050, emotional:5219
07:58:27 | INFO     | 处理批次 42 / 524，app 数 500…
07:59:12 | INFO     | 进度: 20600/261603 (7.9%) | 命中: narrative:3411, co-op:813, cozy:3050, emotional:5219
08:03:40 | INFO     | 进度: 20800/261603 (8.0%) | 命中: narrative:3411, co-op:813, cozy:3050, emotional:5219
08:08:41 | INFO     | 进度: 21000/261603 (8.0%) | 命中: narrative:3411, co-op:813, cozy:3050, emotional:5219
08:08:41 | INFO     | 批次完成 | 当前命中: narrative:3488, co-op:840, cozy:3111, emotional:5336
08:08:41 | INFO     | 处理批次 43 / 524，app 数 500…
08:13:42 | INFO     | 进度: 21200/261603 (8.1%) | 命中: narrative:3488, co-op:840, cozy:3111, emotional:5336
08:18:42 | INFO     | 进度: 21400/261603 (8.2%) | 命中: narrative:3488, co-op:840, cozy:3111, emotional:5336
08:18:54 | INFO     | 批次完成 | 当前命中: narrative:3558, co-op:862, cozy:3171, emotional:5448
08:18:54 | INFO     | 处理批次 44 / 524，app 数 500…
08:20:11 | INFO     | 进度: 21600/261603 (8.3%) | 命中: narrative:3558, co-op:862, cozy:3171, emotional:5448
08:24:07 | INFO     | 进度: 21800/261603 (8.3%) | 命中: narrative:3558, co-op:862, cozy:3171, emotional:5448
08:29:08 | INFO     | 进度: 22000/261603 (8.4%) | 命中: narrative:3558, co-op:862, cozy:3171, emotional:5448
08:29:08 | INFO     | 批次完成 | 当前命中: narrative:3634, co-op:883, cozy:3224, emotional:5544
08:29:08 | INFO     | 处理批次 45 / 524，app 数 500…
08:34:09 | INFO     | 进度: 22200/261603 (8.5%) | 命中: narrative:3634, co-op:883, cozy:3224, emotional:5544
08:39:10 | INFO     | 进度: 22400/261603 (8.6%) | 命中: narrative:3634, co-op:883, cozy:3224, emotional:5544
08:39:22 | INFO     | 批次完成 | 当前命中: narrative:3709, co-op:899, cozy:3276, emotional:5647
08:39:22 | INFO     | 处理批次 46 / 524，app 数 500…
08:41:12 | INFO     | 进度: 22600/261603 (8.6%) | 命中: narrative:3709, co-op:899, cozy:3276, emotional:5647
08:44:35 | INFO     | 进度: 22800/261603 (8.7%) | 命中: narrative:3709, co-op:899, cozy:3276, emotional:5647
08:49:36 | INFO     | 进度: 23000/261603 (8.8%) | 命中: narrative:3709, co-op:899, cozy:3276, emotional:5647
08:49:36 | INFO     | 批次完成 | 当前命中: narrative:3779, co-op:915, cozy:3337, emotional:5743
08:49:36 | INFO     | 处理批次 47 / 524，app 数 500…
08:54:38 | INFO     | 进度: 23200/261603 (8.9%) | 命中: narrative:3779, co-op:915, cozy:3337, emotional:5743
08:59:39 | INFO     | 进度: 23400/261603 (8.9%) | 命中: narrative:3779, co-op:915, cozy:3337, emotional:5743
08:59:51 | INFO     | 批次完成 | 当前命中: narrative:3843, co-op:930, cozy:3376, emotional:5832
08:59:51 | INFO     | 处理批次 48 / 524，app 数 500…
09:02:13 | INFO     | 进度: 23600/261603 (9.0%) | 命中: narrative:3843, co-op:930, cozy:3376, emotional:5832
09:05:04 | INFO     | 进度: 23800/261603 (9.1%) | 命中: narrative:3843, co-op:930, cozy:3376, emotional:5832
09:10:06 | INFO     | 进度: 24000/261603 (9.2%) | 命中: narrative:3843, co-op:930, cozy:3376, emotional:5832
09:10:06 | INFO     | 批次完成 | 当前命中: narrative:3901, co-op:946, cozy:3427, emotional:5922
09:10:06 | INFO     | 处理批次 49 / 524，app 数 500…
09:15:07 | INFO     | 进度: 24200/261603 (9.3%) | 命中: narrative:3901, co-op:946, cozy:3427, emotional:5922
09:20:09 | INFO     | 进度: 24400/261603 (9.3%) | 命中: narrative:3901, co-op:946, cozy:3427, emotional:5922
09:20:21 | INFO     | 批次完成 | 当前命中: narrative:3978, co-op:966, cozy:3483, emotional:6038
09:20:21 | INFO     | 处理批次 50 / 524，app 数 500…
09:23:17 | INFO     | 进度: 24600/261603 (9.4%) | 命中: narrative:3978, co-op:966, cozy:3483, emotional:6038
09:25:37 | INFO     | 进度: 24800/261603 (9.5%) | 命中: narrative:3978, co-op:966, cozy:3483, emotional:6038
09:30:38 | INFO     | 进度: 25000/261603 (9.6%) | 命中: narrative:3978, co-op:966, cozy:3483, emotional:6038
09:30:38 | INFO     | 批次完成 | 当前命中: narrative:4029, co-op:976, cozy:3541, emotional:6128
09:30:38 | INFO     | 处理批次 51 / 524，app 数 500…
09:35:40 | INFO     | 进度: 25200/261603 (9.6%) | 命中: narrative:4029, co-op:976, cozy:3541, emotional:6128
09:40:42 | INFO     | 进度: 25400/261603 (9.7%) | 命中: narrative:4029, co-op:976, cozy:3541, emotional:6128
09:40:54 | INFO     | 批次完成 | 当前命中: narrative:4075, co-op:988, cozy:3585, emotional:6204
09:40:54 | INFO     | 处理批次 52 / 524，app 数 500…
09:44:21 | INFO     | 进度: 25600/261603 (9.8%) | 命中: narrative:4075, co-op:988, cozy:3585, emotional:6204
09:46:08 | INFO     | 进度: 25800/261603 (9.9%) | 命中: narrative:4075, co-op:988, cozy:3585, emotional:6204
09:51:10 | INFO     | 进度: 26000/261603 (9.9%) | 命中: narrative:4075, co-op:988, cozy:3585, emotional:6204
09:51:10 | INFO     | 批次完成 | 当前命中: narrative:4140, co-op:1004, cozy:3636, emotional:6298
09:51:10 | INFO     | 处理批次 53 / 524，app 数 500…
09:56:12 | INFO     | 进度: 26200/261603 (10.0%) | 命中: narrative:4140, co-op:1004, cozy:3636, emotional:6298
10:01:13 | INFO     | 进度: 26400/261603 (10.1%) | 命中: narrative:4140, co-op:1004, cozy:3636, emotional:6298
10:01:25 | INFO     | 批次完成 | 当前命中: narrative:4203, co-op:1020, cozy:3684, emotional:6384
10:01:25 | INFO     | 处理批次 54 / 524，app 数 500…
10:05:25 | INFO     | 进度: 26600/261603 (10.2%) | 命中: narrative:4203, co-op:1020, cozy:3684, emotional:6384
10:06:39 | INFO     | 进度: 26800/261603 (10.2%) | 命中: narrative:4203, co-op:1020, cozy:3684, emotional:6384
10:11:41 | INFO     | 进度: 27000/261603 (10.3%) | 命中: narrative:4203, co-op:1020, cozy:3684, emotional:6384
10:11:41 | INFO     | 批次完成 | 当前命中: narrative:4262, co-op:1035, cozy:3727, emotional:6473
10:11:41 | INFO     | 处理批次 55 / 524，app 数 500…
10:16:43 | INFO     | 进度: 27200/261603 (10.4%) | 命中: narrative:4262, co-op:1035, cozy:3727, emotional:6473
10:21:44 | INFO     | 进度: 27400/261603 (10.5%) | 命中: narrative:4262, co-op:1035, cozy:3727, emotional:6473
10:21:56 | INFO     | 批次完成 | 当前命中: narrative:4326, co-op:1055, cozy:3777, emotional:6570
10:21:56 | INFO     | 处理批次 56 / 524，app 数 500…
10:26:28 | INFO     | 进度: 27600/261603 (10.6%) | 命中: narrative:4326, co-op:1055, cozy:3777, emotional:6570
10:27:10 | INFO     | 进度: 27800/261603 (10.6%) | 命中: narrative:4326, co-op:1055, cozy:3777, emotional:6570
10:32:11 | INFO     | 进度: 28000/261603 (10.7%) | 命中: narrative:4326, co-op:1055, cozy:3777, emotional:6570
10:32:11 | INFO     | 批次完成 | 当前命中: narrative:4383, co-op:1073, cozy:3833, emotional:6661
10:32:11 | INFO     | 处理批次 57 / 524，app 数 500…
10:37:13 | INFO     | 进度: 28200/261603 (10.8%) | 命中: narrative:4383, co-op:1073, cozy:3833, emotional:6661
10:42:14 | INFO     | 进度: 28400/261603 (10.9%) | 命中: narrative:4383, co-op:1073, cozy:3833, emotional:6661
10:42:26 | INFO     | 批次完成 | 当前命中: narrative:4452, co-op:1098, cozy:3898, emotional:6773
10:42:26 | INFO     | 处理批次 58 / 524，app 数 500…
10:47:16 | INFO     | 进度: 28600/261603 (10.9%) | 命中: narrative:4452, co-op:1098, cozy:3898, emotional:6773
10:47:40 | INFO     | 进度: 28800/261603 (11.0%) | 命中: narrative:4452, co-op:1098, cozy:3898, emotional:6773
10:52:42 | INFO     | 进度: 29000/261603 (11.1%) | 命中: narrative:4452, co-op:1098, cozy:3898, emotional:6773
10:52:42 | INFO     | 批次完成 | 当前命中: narrative:4536, co-op:1113, cozy:3964, emotional:6875
10:52:42 | INFO     | 处理批次 59 / 524，app 数 500…
10:57:44 | INFO     | 进度: 29200/261603 (11.2%) | 命中: narrative:4536, co-op:1113, cozy:3964, emotional:6875
11:02:46 | INFO     | 进度: 29400/261603 (11.2%) | 命中: narrative:4536, co-op:1113, cozy:3964, emotional:6875
11:02:58 | INFO     | 批次完成 | 当前命中: narrative:4610, co-op:1133, cozy:4022, emotional:6996
11:02:58 | INFO     | 处理批次 60 / 524，app 数 500…
11:07:48 | INFO     | 进度: 29600/261603 (11.3%) | 命中: narrative:4610, co-op:1133, cozy:4022, emotional:6996
11:08:45 | INFO     | 进度: 29800/261603 (11.4%) | 命中: narrative:4610, co-op:1133, cozy:4022, emotional:6996
11:13:13 | INFO     | 进度: 30000/261603 (11.5%) | 命中: narrative:4610, co-op:1133, cozy:4022, emotional:6996
11:13:13 | INFO     | 批次完成 | 当前命中: narrative:4681, co-op:1146, cozy:4091, emotional:7095
11:13:13 | INFO     | 处理批次 61 / 524，app 数 500…
11:18:04 | INFO     | 进度: 30200/261603 (11.5%) | 命中: narrative:4681, co-op:1146, cozy:4091, emotional:7095
11:23:06 | INFO     | 进度: 30400/261603 (11.6%) | 命中: narrative:4681, co-op:1146, cozy:4091, emotional:7095
11:23:19 | INFO     | 批次完成 | 当前命中: narrative:4732, co-op:1158, cozy:4134, emotional:7182
11:23:19 | INFO     | 处理批次 62 / 524，app 数 500…
11:28:09 | INFO     | 进度: 30600/261603 (11.7%) | 命中: narrative:4732, co-op:1158, cozy:4134, emotional:7182
11:29:39 | INFO     | 进度: 30800/261603 (11.8%) | 命中: narrative:4732, co-op:1158, cozy:4134, emotional:7182
11:33:36 | INFO     | 进度: 31000/261603 (11.9%) | 命中: narrative:4732, co-op:1158, cozy:4134, emotional:7182
11:33:36 | INFO     | 批次完成 | 当前命中: narrative:4790, co-op:1175, cozy:4181, emotional:7269
11:33:36 | INFO     | 处理批次 63 / 524，app 数 500…
11:38:38 | INFO     | 进度: 31200/261603 (11.9%) | 命中: narrative:4790, co-op:1175, cozy:4181, emotional:7269
11:43:40 | INFO     | 进度: 31400/261603 (12.0%) | 命中: narrative:4790, co-op:1175, cozy:4181, emotional:7269
11:43:52 | INFO     | 批次完成 | 当前命中: narrative:4866, co-op:1195, cozy:4239, emotional:7370
11:43:52 | INFO     | 处理批次 64 / 524，app 数 500…
11:48:42 | INFO     | 进度: 31600/261603 (12.1%) | 命中: narrative:4866, co-op:1195, cozy:4239, emotional:7370
11:50:44 | INFO     | 进度: 31800/261603 (12.2%) | 命中: narrative:4866, co-op:1195, cozy:4239, emotional:7370
11:54:08 | INFO     | 进度: 32000/261603 (12.2%) | 命中: narrative:4866, co-op:1195, cozy:4239, emotional:7370
11:54:08 | INFO     | 批次完成 | 当前命中: narrative:4924, co-op:1212, cozy:4284, emotional:7461
11:54:08 | INFO     | 处理批次 65 / 524，app 数 500…
11:59:10 | INFO     | 进度: 32200/261603 (12.3%) | 命中: narrative:4924, co-op:1212, cozy:4284, emotional:7461
12:04:11 | INFO     | 进度: 32400/261603 (12.4%) | 命中: narrative:4924, co-op:1212, cozy:4284, emotional:7461
12:04:23 | INFO     | 批次完成 | 当前命中: narrative:4985, co-op:1227, cozy:4331, emotional:7552
12:04:23 | INFO     | 处理批次 66 / 524，app 数 500…
12:09:13 | INFO     | 进度: 32600/261603 (12.5%) | 命中: narrative:4985, co-op:1227, cozy:4331, emotional:7552
12:11:47 | INFO     | 进度: 32800/261603 (12.5%) | 命中: narrative:4985, co-op:1227, cozy:4331, emotional:7552
12:14:38 | INFO     | 进度: 33000/261603 (12.6%) | 命中: narrative:4985, co-op:1227, cozy:4331, emotional:7552
12:14:38 | INFO     | 批次完成 | 当前命中: narrative:5052, co-op:1245, cozy:4373, emotional:7644
12:14:38 | INFO     | 处理批次 67 / 524，app 数 500…
12:19:40 | INFO     | 进度: 33200/261603 (12.7%) | 命中: narrative:5052, co-op:1245, cozy:4373, emotional:7644
12:24:41 | INFO     | 进度: 33400/261603 (12.8%) | 命中: narrative:5052, co-op:1245, cozy:4373, emotional:7644
12:24:53 | INFO     | 批次完成 | 当前命中: narrative:5119, co-op:1267, cozy:4424, emotional:7744
12:24:53 | INFO     | 处理批次 68 / 524，app 数 500…
12:29:43 | INFO     | 进度: 33600/261603 (12.8%) | 命中: narrative:5119, co-op:1267, cozy:4424, emotional:7744
12:32:50 | INFO     | 进度: 33800/261603 (12.9%) | 命中: narrative:5119, co-op:1267, cozy:4424, emotional:7744
12:35:09 | INFO     | 进度: 34000/261603 (13.0%) | 命中: narrative:5119, co-op:1267, cozy:4424, emotional:7744
12:35:09 | INFO     | 批次完成 | 当前命中: narrative:5181, co-op:1286, cozy:4467, emotional:7830
12:35:09 | INFO     | 处理批次 69 / 524，app 数 500…
12:40:12 | INFO     | 进度: 34200/261603 (13.1%) | 命中: narrative:5181, co-op:1286, cozy:4467, emotional:7830
12:45:15 | INFO     | 进度: 34400/261603 (13.1%) | 命中: narrative:5181, co-op:1286, cozy:4467, emotional:7830
12:45:27 | INFO     | 批次完成 | 当前命中: narrative:5245, co-op:1302, cozy:4511, emotional:7926
12:45:27 | INFO     | 处理批次 70 / 524，app 数 500…
12:50:17 | INFO     | 进度: 34600/261603 (13.2%) | 命中: narrative:5245, co-op:1302, cozy:4511, emotional:7926
12:53:56 | INFO     | 进度: 34800/261603 (13.3%) | 命中: narrative:5245, co-op:1302, cozy:4511, emotional:7926
12:55:44 | INFO     | 进度: 35000/261603 (13.4%) | 命中: narrative:5245, co-op:1302, cozy:4511, emotional:7926
12:55:44 | INFO     | 批次完成 | 当前命中: narrative:5296, co-op:1322, cozy:4549, emotional:8004
12:55:44 | INFO     | 处理批次 71 / 524，app 数 500…
13:00:47 | INFO     | 进度: 35200/261603 (13.5%) | 命中: narrative:5296, co-op:1322, cozy:4549, emotional:8004
13:05:49 | INFO     | 进度: 35400/261603 (13.5%) | 命中: narrative:5296, co-op:1322, cozy:4549, emotional:8004
13:06:02 | INFO     | 批次完成 | 当前命中: narrative:5359, co-op:1337, cozy:4594, emotional:8091
13:06:02 | INFO     | 处理批次 72 / 524，app 数 500…
13:10:52 | INFO     | 进度: 35600/261603 (13.6%) | 命中: narrative:5359, co-op:1337, cozy:4594, emotional:8091
13:15:06 | INFO     | 进度: 35800/261603 (13.7%) | 命中: narrative:5359, co-op:1337, cozy:4594, emotional:8091
13:16:20 | INFO     | 进度: 36000/261603 (13.8%) | 命中: narrative:5359, co-op:1337, cozy:4594, emotional:8091
13:16:20 | INFO     | 批次完成 | 当前命中: narrative:5425, co-op:1348, cozy:4634, emotional:8179
13:16:20 | INFO     | 处理批次 73 / 524，app 数 500…
13:21:22 | INFO     | 进度: 36200/261603 (13.8%) | 命中: narrative:5425, co-op:1348, cozy:4634, emotional:8179
13:26:25 | INFO     | 进度: 36400/261603 (13.9%) | 命中: narrative:5425, co-op:1348, cozy:4634, emotional:8179
13:26:37 | INFO     | 批次完成 | 当前命中: narrative:5502, co-op:1366, cozy:4683, emotional:8282
13:26:37 | INFO     | 处理批次 74 / 524，app 数 500…
13:31:27 | INFO     | 进度: 36600/261603 (14.0%) | 命中: narrative:5502, co-op:1366, cozy:4683, emotional:8282
13:36:12 | INFO     | 进度: 36800/261603 (14.1%) | 命中: narrative:5502, co-op:1366, cozy:4683, emotional:8282
13:36:54 | INFO     | 进度: 37000/261603 (14.1%) | 命中: narrative:5502, co-op:1366, cozy:4683, emotional:8282
13:36:54 | INFO     | 批次完成 | 当前命中: narrative:5555, co-op:1377, cozy:4727, emotional:8365
13:36:54 | INFO     | 处理批次 75 / 524，app 数 500…
13:41:56 | INFO     | 进度: 37200/261603 (14.2%) | 命中: narrative:5555, co-op:1377, cozy:4727, emotional:8365
13:46:57 | INFO     | 进度: 37400/261603 (14.3%) | 命中: narrative:5555, co-op:1377, cozy:4727, emotional:8365
13:47:42 | INFO     | 批次完成 | 当前命中: narrative:5624, co-op:1388, cozy:4772, emotional:8462
13:47:42 | INFO     | 处理批次 76 / 524，app 数 500…
13:51:59 | INFO     | 进度: 37600/261603 (14.4%) | 命中: narrative:5624, co-op:1388, cozy:4772, emotional:8462
13:57:00 | INFO     | 进度: 37800/261603 (14.4%) | 命中: narrative:5624, co-op:1388, cozy:4772, emotional:8462
13:58:29 | INFO     | 进度: 38000/261603 (14.5%) | 命中: narrative:5624, co-op:1388, cozy:4772, emotional:8462
13:58:29 | INFO     | 批次完成 | 当前命中: narrative:5701, co-op:1411, cozy:4815, emotional:8566
13:58:29 | INFO     | 处理批次 77 / 524，app 数 500…
14:02:27 | INFO     | 进度: 38200/261603 (14.6%) | 命中: narrative:5701, co-op:1411, cozy:4815, emotional:8566
14:07:29 | INFO     | 进度: 38400/261603 (14.7%) | 命中: narrative:5701, co-op:1411, cozy:4815, emotional:8566
14:09:18 | INFO     | 批次完成 | 当前命中: narrative:5751, co-op:1424, cozy:4845, emotional:8635
14:09:18 | INFO     | 处理批次 78 / 524，app 数 500…
14:12:30 | INFO     | 进度: 38600/261603 (14.8%) | 命中: narrative:5751, co-op:1424, cozy:4845, emotional:8635
14:17:32 | INFO     | 进度: 38800/261603 (14.8%) | 命中: narrative:5751, co-op:1424, cozy:4845, emotional:8635
14:20:05 | INFO     | 进度: 39000/261603 (14.9%) | 命中: narrative:5751, co-op:1424, cozy:4845, emotional:8635
14:20:05 | INFO     | 批次完成 | 当前命中: narrative:5797, co-op:1437, cozy:4875, emotional:8702
14:20:05 | INFO     | 处理批次 79 / 524，app 数 500…
14:22:57 | INFO     | 进度: 39200/261603 (15.0%) | 命中: narrative:5797, co-op:1437, cozy:4875, emotional:8702
14:27:58 | INFO     | 进度: 39400/261603 (15.1%) | 命中: narrative:5797, co-op:1437, cozy:4875, emotional:8702
14:30:53 | INFO     | 批次完成 | 当前命中: narrative:5837, co-op:1454, cozy:4917, emotional:8774
14:30:53 | INFO     | 处理批次 80 / 524，app 数 500…
14:33:00 | INFO     | 进度: 39600/261603 (15.1%) | 命中: narrative:5837, co-op:1454, cozy:4917, emotional:8774
14:38:00 | INFO     | 进度: 39800/261603 (15.2%) | 命中: narrative:5837, co-op:1454, cozy:4917, emotional:8774
14:41:39 | INFO     | 进度: 40000/261603 (15.3%) | 命中: narrative:5837, co-op:1454, cozy:4917, emotional:8774
14:41:39 | INFO     | 批次完成 | 当前命中: narrative:5885, co-op:1479, cozy:4956, emotional:8847
14:41:39 | INFO     | 处理批次 81 / 524，app 数 500…
14:43:25 | INFO     | 进度: 40200/261603 (15.4%) | 命中: narrative:5885, co-op:1479, cozy:4956, emotional:8847
14:48:26 | INFO     | 进度: 40400/261603 (15.4%) | 命中: narrative:5885, co-op:1479, cozy:4956, emotional:8847
14:52:25 | INFO     | 批次完成 | 当前命中: narrative:5936, co-op:1489, cozy:4993, emotional:8923
14:52:25 | INFO     | 处理批次 82 / 524，app 数 500…
14:53:27 | INFO     | 进度: 40600/261603 (15.5%) | 命中: narrative:5936, co-op:1489, cozy:4993, emotional:8923
14:58:28 | INFO     | 进度: 40800/261603 (15.6%) | 命中: narrative:5936, co-op:1489, cozy:4993, emotional:8923
15:03:11 | INFO     | 进度: 41000/261603 (15.7%) | 命中: narrative:5936, co-op:1489, cozy:4993, emotional:8923
15:03:11 | INFO     | 批次完成 | 当前命中: narrative:6000, co-op:1505, cozy:5026, emotional:9006
15:03:11 | INFO     | 处理批次 83 / 524，app 数 500…
15:03:53 | INFO     | 进度: 41200/261603 (15.7%) | 命中: narrative:6000, co-op:1505, cozy:5026, emotional:9006
15:09:05 | INFO     | 进度: 41400/261603 (15.8%) | 命中: narrative:6000, co-op:1505, cozy:5026, emotional:9006
15:13:37 | INFO     | 批次完成 | 当前命中: narrative:6045, co-op:1519, cozy:5063, emotional:9073
15:13:37 | INFO     | 处理批次 84 / 524，app 数 500…
15:13:50 | INFO     | 进度: 41600/261603 (15.9%) | 命中: narrative:6045, co-op:1519, cozy:5063, emotional:9073
15:18:51 | INFO     | 进度: 41800/261603 (16.0%) | 命中: narrative:6045, co-op:1519, cozy:5063, emotional:9073
15:23:52 | INFO     | 进度: 42000/261603 (16.1%) | 命中: narrative:6045, co-op:1519, cozy:5063, emotional:9073
15:23:52 | INFO     | 批次完成 | 当前命中: narrative:6088, co-op:1528, cozy:5085, emotional:9129
15:23:52 | INFO     | 处理批次 85 / 524，app 数 500…
15:25:21 | INFO     | 进度: 42200/261603 (16.1%) | 命中: narrative:6088, co-op:1528, cozy:5085, emotional:9129
15:29:18 | INFO     | 进度: 42400/261603 (16.2%) | 命中: narrative:6088, co-op:1528, cozy:5085, emotional:9129
15:34:07 | INFO     | 批次完成 | 当前命中: narrative:6134, co-op:1538, cozy:5107, emotional:9192
15:34:07 | INFO     | 处理批次 86 / 524，app 数 500…
15:34:20 | INFO     | 进度: 42600/261603 (16.3%) | 命中: narrative:6134, co-op:1538, cozy:5107, emotional:9192
15:39:21 | INFO     | 进度: 42800/261603 (16.4%) | 命中: narrative:6134, co-op:1538, cozy:5107, emotional:9192
15:44:22 | INFO     | 进度: 43000/261603 (16.4%) | 命中: narrative:6134, co-op:1538, cozy:5107, emotional:9192
15:44:22 | INFO     | 批次完成 | 当前命中: narrative:6187, co-op:1554, cozy:5144, emotional:9270
15:44:22 | INFO     | 处理批次 87 / 524，app 数 500…
15:46:25 | INFO     | 进度: 43200/261603 (16.5%) | 命中: narrative:6187, co-op:1554, cozy:5144, emotional:9270
15:49:49 | INFO     | 进度: 43400/261603 (16.6%) | 命中: narrative:6187, co-op:1554, cozy:5144, emotional:9270
15:54:39 | INFO     | 批次完成 | 当前命中: narrative:6236, co-op:1569, cozy:5190, emotional:9349
15:54:39 | INFO     | 处理批次 88 / 524，app 数 500…
15:54:51 | INFO     | 进度: 43600/261603 (16.7%) | 命中: narrative:6236, co-op:1569, cozy:5190, emotional:9349
15:59:52 | INFO     | 进度: 43800/261603 (16.7%) | 命中: narrative:6236, co-op:1569, cozy:5190, emotional:9349
16:04:53 | INFO     | 进度: 44000/261603 (16.8%) | 命中: narrative:6236, co-op:1569, cozy:5190, emotional:9349
16:04:53 | INFO     | 批次完成 | 当前命中: narrative:6298, co-op:1587, cozy:5224, emotional:9429
16:04:53 | INFO     | 处理批次 89 / 524，app 数 500…
16:07:28 | INFO     | 进度: 44200/261603 (16.9%) | 命中: narrative:6298, co-op:1587, cozy:5224, emotional:9429
16:10:20 | INFO     | 进度: 44400/261603 (17.0%) | 命中: narrative:6298, co-op:1587, cozy:5224, emotional:9429
16:15:09 | INFO     | 批次完成 | 当前命中: narrative:6360, co-op:1605, cozy:5275, emotional:9528
16:15:09 | INFO     | 处理批次 90 / 524，app 数 500…
16:15:21 | INFO     | 进度: 44600/261603 (17.0%) | 命中: narrative:6360, co-op:1605, cozy:5275, emotional:9528
16:20:23 | INFO     | 进度: 44800/261603 (17.1%) | 命中: narrative:6360, co-op:1605, cozy:5275, emotional:9528
16:25:24 | INFO     | 进度: 45000/261603 (17.2%) | 命中: narrative:6360, co-op:1605, cozy:5275, emotional:9528
16:25:24 | INFO     | 批次完成 | 当前命中: narrative:6429, co-op:1615, cozy:5326, emotional:9622
16:25:24 | INFO     | 处理批次 91 / 524，app 数 500…
16:28:31 | INFO     | 进度: 45200/261603 (17.3%) | 命中: narrative:6429, co-op:1615, cozy:5326, emotional:9622
16:30:50 | INFO     | 进度: 45400/261603 (17.4%) | 命中: narrative:6429, co-op:1615, cozy:5326, emotional:9622
16:35:40 | INFO     | 批次完成 | 当前命中: narrative:6490, co-op:1629, cozy:5367, emotional:9697
16:35:40 | INFO     | 处理批次 92 / 524，app 数 500…
16:35:52 | INFO     | 进度: 45600/261603 (17.4%) | 命中: narrative:6490, co-op:1629, cozy:5367, emotional:9697
16:40:53 | INFO     | 进度: 45800/261603 (17.5%) | 命中: narrative:6490, co-op:1629, cozy:5367, emotional:9697
16:45:55 | INFO     | 进度: 46000/261603 (17.6%) | 命中: narrative:6490, co-op:1629, cozy:5367, emotional:9697
16:45:55 | INFO     | 批次完成 | 当前命中: narrative:6550, co-op:1647, cozy:5415, emotional:9777
16:45:55 | INFO     | 处理批次 93 / 524，app 数 500…
16:47:24 | INFO     | 进度: 46200/261603 (17.7%) | 命中: narrative:6550, co-op:1647, cozy:5415, emotional:9777
16:51:20 | INFO     | 进度: 46400/261603 (17.7%) | 命中: narrative:6550, co-op:1647, cozy:5415, emotional:9777
16:56:10 | INFO     | 批次完成 | 当前命中: narrative:6588, co-op:1663, cozy:5463, emotional:9847
16:56:10 | INFO     | 处理批次 94 / 524，app 数 500…
16:56:22 | INFO     | 进度: 46600/261603 (17.8%) | 命中: narrative:6588, co-op:1663, cozy:5463, emotional:9847
17:01:24 | INFO     | 进度: 46800/261603 (17.9%) | 命中: narrative:6588, co-op:1663, cozy:5463, emotional:9847
17:06:25 | INFO     | 进度: 47000/261603 (18.0%) | 命中: narrative:6588, co-op:1663, cozy:5463, emotional:9847
17:06:25 | INFO     | 批次完成 | 当前命中: narrative:6638, co-op:1674, cozy:5517, emotional:9928
17:06:25 | INFO     | 处理批次 95 / 524，app 数 500…
17:08:26 | INFO     | 进度: 47200/261603 (18.0%) | 命中: narrative:6638, co-op:1674, cozy:5517, emotional:9928
17:11:49 | INFO     | 进度: 47400/261603 (18.1%) | 命中: narrative:6638, co-op:1674, cozy:5517, emotional:9928
17:16:38 | INFO     | 批次完成 | 当前命中: narrative:6691, co-op:1684, cozy:5564, emotional:10013
17:16:38 | INFO     | 处理批次 96 / 524，app 数 500…
17:16:50 | INFO     | 进度: 47600/261603 (18.2%) | 命中: narrative:6691, co-op:1684, cozy:5564, emotional:10013
17:21:51 | INFO     | 进度: 47800/261603 (18.3%) | 命中: narrative:6691, co-op:1684, cozy:5564, emotional:10013
17:26:53 | INFO     | 进度: 48000/261603 (18.3%) | 命中: narrative:6691, co-op:1684, cozy:5564, emotional:10013
17:26:53 | INFO     | 批次完成 | 当前命中: narrative:6763, co-op:1701, cozy:5619, emotional:10114
17:26:53 | INFO     | 处理批次 97 / 524，app 数 500…
17:29:28 | INFO     | 进度: 48200/261603 (18.4%) | 命中: narrative:6763, co-op:1701, cozy:5619, emotional:10114
17:32:19 | INFO     | 进度: 48400/261603 (18.5%) | 命中: narrative:6763, co-op:1701, cozy:5619, emotional:10114
17:37:08 | INFO     | 批次完成 | 当前命中: narrative:6828, co-op:1724, cozy:5656, emotional:10204
17:37:08 | INFO     | 处理批次 98 / 524，app 数 500…
17:37:20 | INFO     | 进度: 48600/261603 (18.6%) | 命中: narrative:6828, co-op:1724, cozy:5656, emotional:10204
17:42:21 | INFO     | 进度: 48800/261603 (18.7%) | 命中: narrative:6828, co-op:1724, cozy:5656, emotional:10204
17:47:22 | INFO     | 进度: 49000/261603 (18.7%) | 命中: narrative:6828, co-op:1724, cozy:5656, emotional:10204
17:47:22 | INFO     | 批次完成 | 当前命中: narrative:6883, co-op:1735, cozy:5699, emotional:10274
17:47:22 | INFO     | 处理批次 99 / 524，app 数 500…
17:50:28 | INFO     | 进度: 49200/261603 (18.8%) | 命中: narrative:6883, co-op:1735, cozy:5699, emotional:10274
17:52:47 | INFO     | 进度: 49400/261603 (18.9%) | 命中: narrative:6883, co-op:1735, cozy:5699, emotional:10274
17:57:37 | INFO     | 批次完成 | 当前命中: narrative:6940, co-op:1743, cozy:5738, emotional:10353
17:57:37 | INFO     | 处理批次 100 / 524，app 数 500…
17:57:49 | INFO     | 进度: 49600/261603 (19.0%) | 命中: narrative:6940, co-op:1743, cozy:5738, emotional:10353
18:02:50 | INFO     | 进度: 49800/261603 (19.0%) | 命中: narrative:6940, co-op:1743, cozy:5738, emotional:10353
18:07:51 | INFO     | 进度: 50000/261603 (19.1%) | 命中: narrative:6940, co-op:1743, cozy:5738, emotional:10353
18:07:51 | INFO     | 批次完成 | 当前命中: narrative:7002, co-op:1759, cozy:5776, emotional:10440
18:07:51 | INFO     | 处理批次 101 / 524，app 数 500…
18:11:30 | INFO     | 进度: 50200/261603 (19.2%) | 命中: narrative:7002, co-op:1759, cozy:5776, emotional:10440
18:13:16 | INFO     | 进度: 50400/261603 (19.3%) | 命中: narrative:7002, co-op:1759, cozy:5776, emotional:10440
18:18:05 | INFO     | 批次完成 | 当前命中: narrative:7053, co-op:1767, cozy:5798, emotional:10508
18:18:05 | INFO     | 处理批次 102 / 524，app 数 500…
18:18:17 | INFO     | 进度: 50600/261603 (19.3%) | 命中: narrative:7053, co-op:1767, cozy:5798, emotional:10508
18:23:18 | INFO     | 进度: 50800/261603 (19.4%) | 命中: narrative:7053, co-op:1767, cozy:5798, emotional:10508
18:28:13 | INFO     | 进度: 51000/261603 (19.5%) | 命中: narrative:7053, co-op:1767, cozy:5798, emotional:10508
18:28:13 | INFO     | 批次完成 | 当前命中: narrative:7124, co-op:1782, cozy:5841, emotional:10595
18:28:13 | INFO     | 处理批次 103 / 524，app 数 500…
18:31:53 | INFO     | 进度: 51200/261603 (19.6%) | 命中: narrative:7124, co-op:1782, cozy:5841, emotional:10595
18:33:30 | INFO     | 进度: 51400/261603 (19.6%) | 命中: narrative:7124, co-op:1782, cozy:5841, emotional:10595
18:38:19 | INFO     | 批次完成 | 当前命中: narrative:7180, co-op:1801, cozy:5885, emotional:10686
18:38:19 | INFO     | 处理批次 104 / 524，app 数 500…
18:38:31 | INFO     | 进度: 51600/261603 (19.7%) | 命中: narrative:7180, co-op:1801, cozy:5885, emotional:10686
18:43:33 | INFO     | 进度: 51800/261603 (19.8%) | 命中: narrative:7180, co-op:1801, cozy:5885, emotional:10686
18:48:34 | INFO     | 进度: 52000/261603 (19.9%) | 命中: narrative:7180, co-op:1801, cozy:5885, emotional:10686
18:48:34 | INFO     | 批次完成 | 当前命中: narrative:7248, co-op:1820, cozy:5936, emotional:10779
18:48:34 | INFO     | 处理批次 105 / 524，app 数 500…
18:53:18 | INFO     | 进度: 52200/261603 (20.0%) | 命中: narrative:7248, co-op:1820, cozy:5936, emotional:10779
18:54:00 | INFO     | 进度: 52400/261603 (20.0%) | 命中: narrative:7248, co-op:1820, cozy:5936, emotional:10779
18:58:50 | INFO     | 批次完成 | 当前命中: narrative:7300, co-op:1838, cozy:5974, emotional:10857
18:58:50 | INFO     | 处理批次 106 / 524，app 数 500…
18:59:02 | INFO     | 进度: 52600/261603 (20.1%) | 命中: narrative:7300, co-op:1838, cozy:5974, emotional:10857
19:04:03 | INFO     | 进度: 52800/261603 (20.2%) | 命中: narrative:7300, co-op:1838, cozy:5974, emotional:10857
19:09:04 | INFO     | 进度: 53000/261603 (20.3%) | 命中: narrative:7300, co-op:1838, cozy:5974, emotional:10857
19:09:04 | INFO     | 批次完成 | 当前命中: narrative:7339, co-op:1853, cozy:6012, emotional:10925
19:09:04 | INFO     | 处理批次 107 / 524，app 数 500…
19:14:06 | INFO     | 进度: 53200/261603 (20.3%) | 命中: narrative:7339, co-op:1853, cozy:6012, emotional:10925
19:15:02 | INFO     | 进度: 53400/261603 (20.4%) | 命中: narrative:7339, co-op:1853, cozy:6012, emotional:10925
19:19:18 | INFO     | 批次完成 | 当前命中: narrative:7400, co-op:1873, cozy:6058, emotional:11010
19:19:18 | INFO     | 处理批次 108 / 524，app 数 500…
19:19:31 | INFO     | 进度: 53600/261603 (20.5%) | 命中: narrative:7400, co-op:1873, cozy:6058, emotional:11010
19:24:32 | INFO     | 进度: 53800/261603 (20.6%) | 命中: narrative:7400, co-op:1873, cozy:6058, emotional:11010
19:29:33 | INFO     | 进度: 54000/261603 (20.6%) | 命中: narrative:7400, co-op:1873, cozy:6058, emotional:11010
19:29:33 | INFO     | 批次完成 | 当前命中: narrative:7447, co-op:1893, cozy:6096, emotional:11077
19:29:33 | INFO     | 处理批次 109 / 524，app 数 500…
19:34:34 | INFO     | 进度: 54200/261603 (20.7%) | 命中: narrative:7447, co-op:1893, cozy:6096, emotional:11077
19:36:03 | INFO     | 进度: 54400/261603 (20.8%) | 命中: narrative:7447, co-op:1893, cozy:6096, emotional:11077
19:39:47 | INFO     | 批次完成 | 当前命中: narrative:7486, co-op:1907, cozy:6127, emotional:11129
19:39:47 | INFO     | 处理批次 110 / 524，app 数 500…
19:39:59 | INFO     | 进度: 54600/261603 (20.9%) | 命中: narrative:7486, co-op:1907, cozy:6127, emotional:11129
19:45:00 | INFO     | 进度: 54800/261603 (20.9%) | 命中: narrative:7486, co-op:1907, cozy:6127, emotional:11129
19:50:02 | INFO     | 进度: 55000/261603 (21.0%) | 命中: narrative:7486, co-op:1907, cozy:6127, emotional:11129
19:50:02 | INFO     | 批次完成 | 当前命中: narrative:7542, co-op:1922, cozy:6175, emotional:11210
19:50:02 | INFO     | 处理批次 111 / 524，app 数 500…
19:55:03 | INFO     | 进度: 55200/261603 (21.1%) | 命中: narrative:7542, co-op:1922, cozy:6175, emotional:11210
19:56:00 | INFO     | 进度: 55400/261603 (21.2%) | 命中: narrative:7542, co-op:1922, cozy:6175, emotional:11210
20:00:17 | INFO     | 批次完成 | 当前命中: narrative:7600, co-op:1942, cozy:6213, emotional:11287
20:00:17 | INFO     | 处理批次 112 / 524，app 数 500…
20:00:29 | INFO     | 进度: 55600/261603 (21.3%) | 命中: narrative:7600, co-op:1942, cozy:6213, emotional:11287
20:05:30 | INFO     | 进度: 55800/261603 (21.3%) | 命中: narrative:7600, co-op:1942, cozy:6213, emotional:11287
20:10:31 | INFO     | 进度: 56000/261603 (21.4%) | 命中: narrative:7600, co-op:1942, cozy:6213, emotional:11287
20:10:31 | INFO     | 批次完成 | 当前命中: narrative:7653, co-op:1956, cozy:6257, emotional:11363
20:10:31 | INFO     | 处理批次 113 / 524，app 数 500…
20:15:33 | INFO     | 进度: 56200/261603 (21.5%) | 命中: narrative:7653, co-op:1956, cozy:6257, emotional:11363
20:17:02 | INFO     | 进度: 56400/261603 (21.6%) | 命中: narrative:7653, co-op:1956, cozy:6257, emotional:11363
20:20:47 | INFO     | 批次完成 | 当前命中: narrative:7706, co-op:1974, cozy:6284, emotional:11432
20:20:47 | INFO     | 处理批次 114 / 524，app 数 500…
20:20:59 | INFO     | 进度: 56600/261603 (21.6%) | 命中: narrative:7706, co-op:1974, cozy:6284, emotional:11432
20:26:00 | INFO     | 进度: 56800/261603 (21.7%) | 命中: narrative:7706, co-op:1974, cozy:6284, emotional:11432
20:31:01 | INFO     | 进度: 57000/261603 (21.8%) | 命中: narrative:7706, co-op:1974, cozy:6284, emotional:11432
20:31:01 | INFO     | 批次完成 | 当前命中: narrative:7743, co-op:1983, cozy:6316, emotional:11495
20:31:01 | INFO     | 处理批次 115 / 524，app 数 500…
20:36:02 | INFO     | 进度: 57200/261603 (21.9%) | 命中: narrative:7743, co-op:1983, cozy:6316, emotional:11495
20:38:03 | INFO     | 进度: 57400/261603 (21.9%) | 命中: narrative:7743, co-op:1983, cozy:6316, emotional:11495
20:41:15 | INFO     | 批次完成 | 当前命中: narrative:7802, co-op:1996, cozy:6357, emotional:11576
20:41:15 | INFO     | 处理批次 116 / 524，app 数 500…
20:41:27 | INFO     | 进度: 57600/261603 (22.0%) | 命中: narrative:7802, co-op:1996, cozy:6357, emotional:11576
20:46:29 | INFO     | 进度: 57800/261603 (22.1%) | 命中: narrative:7802, co-op:1996, cozy:6357, emotional:11576
20:51:30 | INFO     | 进度: 58000/261603 (22.2%) | 命中: narrative:7802, co-op:1996, cozy:6357, emotional:11576
20:51:30 | INFO     | 批次完成 | 当前命中: narrative:7846, co-op:2005, cozy:6385, emotional:11640
20:51:30 | INFO     | 处理批次 117 / 524，app 数 500…
20:56:32 | INFO     | 进度: 58200/261603 (22.2%) | 命中: narrative:7846, co-op:2005, cozy:6385, emotional:11640
20:59:06 | INFO     | 进度: 58400/261603 (22.3%) | 命中: narrative:7846, co-op:2005, cozy:6385, emotional:11640
21:01:44 | INFO     | 批次完成 | 当前命中: narrative:7894, co-op:2020, cozy:6415, emotional:11709
21:01:44 | INFO     | 处理批次 118 / 524，app 数 500…
21:01:57 | INFO     | 进度: 58600/261603 (22.4%) | 命中: narrative:7894, co-op:2020, cozy:6415, emotional:11709
21:06:47 | INFO     | 进度: 58800/261603 (22.5%) | 命中: narrative:7894, co-op:2020, cozy:6415, emotional:11709
21:11:49 | INFO     | 进度: 59000/261603 (22.6%) | 命中: narrative:7894, co-op:2020, cozy:6415, emotional:11709
21:11:49 | INFO     | 批次完成 | 当前命中: narrative:7953, co-op:2035, cozy:6454, emotional:11790
21:11:49 | INFO     | 处理批次 119 / 524，app 数 500…
21:16:51 | INFO     | 进度: 59200/261603 (22.6%) | 命中: narrative:7953, co-op:2035, cozy:6454, emotional:11790
21:18:53 | INFO     | 进度: 59400/261603 (22.7%) | 命中: narrative:7953, co-op:2035, cozy:6454, emotional:11790
21:22:05 | INFO     | 批次完成 | 当前命中: narrative:8002, co-op:2051, cozy:6484, emotional:11869
21:22:05 | INFO     | 处理批次 120 / 524，app 数 500…
21:22:18 | INFO     | 进度: 59600/261603 (22.8%) | 命中: narrative:8002, co-op:2051, cozy:6484, emotional:11869
21:27:20 | INFO     | 进度: 59800/261603 (22.9%) | 命中: narrative:8002, co-op:2051, cozy:6484, emotional:11869
21:32:22 | INFO     | 进度: 60000/261603 (22.9%) | 命中: narrative:8002, co-op:2051, cozy:6484, emotional:11869
21:32:22 | INFO     | 批次完成 | 当前命中: narrative:8055, co-op:2065, cozy:6515, emotional:11940
21:32:22 | INFO     | 处理批次 121 / 524，app 数 500…
21:37:24 | INFO     | 进度: 60200/261603 (23.0%) | 命中: narrative:8055, co-op:2065, cozy:6515, emotional:11940
21:39:58 | INFO     | 进度: 60400/261603 (23.1%) | 命中: narrative:8055, co-op:2065, cozy:6515, emotional:11940
21:42:37 | INFO     | 批次完成 | 当前命中: narrative:8107, co-op:2083, cozy:6543, emotional:12013
21:42:37 | INFO     | 处理批次 122 / 524，app 数 500…
21:42:50 | INFO     | 进度: 60600/261603 (23.2%) | 命中: narrative:8107, co-op:2083, cozy:6543, emotional:12013
21:47:51 | INFO     | 进度: 60800/261603 (23.2%) | 命中: narrative:8107, co-op:2083, cozy:6543, emotional:12013
21:52:52 | INFO     | 进度: 61000/261603 (23.3%) | 命中: narrative:8107, co-op:2083, cozy:6543, emotional:12013
21:52:52 | INFO     | 批次完成 | 当前命中: narrative:8162, co-op:2101, cozy:6583, emotional:12091
21:52:52 | INFO     | 处理批次 123 / 524，app 数 500…
21:57:53 | INFO     | 进度: 61200/261603 (23.4%) | 命中: narrative:8162, co-op:2101, cozy:6583, emotional:12091
22:00:59 | INFO     | 进度: 61400/261603 (23.5%) | 命中: narrative:8162, co-op:2101, cozy:6583, emotional:12091
22:03:06 | INFO     | 批次完成 | 当前命中: narrative:8215, co-op:2119, cozy:6619, emotional:12162
22:03:06 | INFO     | 处理批次 124 / 524，app 数 500…
22:03:18 | INFO     | 进度: 61600/261603 (23.5%) | 命中: narrative:8215, co-op:2119, cozy:6619, emotional:12162
22:08:20 | INFO     | 进度: 61800/261603 (23.6%) | 命中: narrative:8215, co-op:2119, cozy:6619, emotional:12162
22:13:21 | INFO     | 进度: 62000/261603 (23.7%) | 命中: narrative:8215, co-op:2119, cozy:6619, emotional:12162
22:13:21 | INFO     | 批次完成 | 当前命中: narrative:8274, co-op:2131, cozy:6664, emotional:12240
22:13:21 | INFO     | 处理批次 125 / 524，app 数 500…
22:18:13 | INFO     | 进度: 62200/261603 (23.8%) | 命中: narrative:8274, co-op:2131, cozy:6664, emotional:12240
22:21:21 | INFO     | 进度: 62400/261603 (23.9%) | 命中: narrative:8274, co-op:2131, cozy:6664, emotional:12240
22:23:26 | INFO     | 批次完成 | 当前命中: narrative:8327, co-op:2150, cozy:6698, emotional:12323
22:23:26 | INFO     | 处理批次 126 / 524，app 数 500…
22:23:38 | INFO     | 进度: 62600/261603 (23.9%) | 命中: narrative:8327, co-op:2150, cozy:6698, emotional:12323
22:28:38 | INFO     | 进度: 62800/261603 (24.0%) | 命中: narrative:8327, co-op:2150, cozy:6698, emotional:12323
22:33:25 | INFO     | 进度: 63000/261603 (24.1%) | 命中: narrative:8327, co-op:2150, cozy:6698, emotional:12323
22:33:25 | INFO     | 批次完成 | 当前命中: narrative:8373, co-op:2160, cozy:6736, emotional:12393
22:33:25 | INFO     | 处理批次 127 / 524，app 数 500…
22:38:27 | INFO     | 进度: 63200/261603 (24.2%) | 命中: narrative:8373, co-op:2160, cozy:6736, emotional:12393
22:41:01 | INFO     | 进度: 63400/261603 (24.2%) | 命中: narrative:8373, co-op:2160, cozy:6736, emotional:12393
22:43:41 | INFO     | 批次完成 | 当前命中: narrative:8423, co-op:2173, cozy:6767, emotional:12460
22:43:41 | INFO     | 处理批次 128 / 524，app 数 500…
22:43:54 | INFO     | 进度: 63600/261603 (24.3%) | 命中: narrative:8423, co-op:2173, cozy:6767, emotional:12460
22:48:55 | INFO     | 进度: 63800/261603 (24.4%) | 命中: narrative:8423, co-op:2173, cozy:6767, emotional:12460
22:53:57 | INFO     | 进度: 64000/261603 (24.5%) | 命中: narrative:8423, co-op:2173, cozy:6767, emotional:12460
22:53:57 | INFO     | 批次完成 | 当前命中: narrative:8468, co-op:2187, cozy:6788, emotional:12515
22:53:57 | INFO     | 处理批次 129 / 524，app 数 500…
22:58:50 | INFO     | 进度: 64200/261603 (24.5%) | 命中: narrative:8468, co-op:2187, cozy:6788, emotional:12515
23:00:24 | INFO     | 进度: 64400/261603 (24.6%) | 命中: narrative:8468, co-op:2187, cozy:6788, emotional:12515
23:03:57 | INFO     | 批次完成 | 当前命中: narrative:8522, co-op:2201, cozy:6826, emotional:12587
23:03:57 | INFO     | 处理批次 130 / 524，app 数 500…
23:04:10 | INFO     | 进度: 64600/261603 (24.7%) | 命中: narrative:8522, co-op:2201, cozy:6826, emotional:12587
23:09:11 | INFO     | 进度: 64800/261603 (24.8%) | 命中: narrative:8522, co-op:2201, cozy:6826, emotional:12587
23:14:09 | INFO     | 进度: 65000/261603 (24.8%) | 命中: narrative:8522, co-op:2201, cozy:6826, emotional:12587
23:14:09 | INFO     | 批次完成 | 当前命中: narrative:8566, co-op:2211, cozy:6862, emotional:12650
23:14:09 | INFO     | 处理批次 131 / 524，app 数 500…
23:19:00 | INFO     | 进度: 65200/261603 (24.9%) | 命中: narrative:8566, co-op:2211, cozy:6862, emotional:12650
23:20:29 | INFO     | 进度: 65400/261603 (25.0%) | 命中: narrative:8566, co-op:2211, cozy:6862, emotional:12650
23:24:14 | INFO     | 批次完成 | 当前命中: narrative:8627, co-op:2226, cozy:6900, emotional:12730
23:24:14 | INFO     | 处理批次 132 / 524，app 数 500…
23:24:26 | INFO     | 进度: 65600/261603 (25.1%) | 命中: narrative:8627, co-op:2226, cozy:6900, emotional:12730
23:29:28 | INFO     | 进度: 65800/261603 (25.2%) | 命中: narrative:8627, co-op:2226, cozy:6900, emotional:12730
23:34:30 | INFO     | 进度: 66000/261603 (25.2%) | 命中: narrative:8627, co-op:2226, cozy:6900, emotional:12730
23:34:30 | INFO     | 批次完成 | 当前命中: narrative:8686, co-op:2247, cozy:6935, emotional:12809
23:34:30 | INFO     | 处理批次 133 / 524，app 数 500…
23:39:33 | INFO     | 进度: 66200/261603 (25.3%) | 命中: narrative:8686, co-op:2247, cozy:6935, emotional:12809
23:41:35 | INFO     | 进度: 66400/261603 (25.4%) | 命中: narrative:8686, co-op:2247, cozy:6935, emotional:12809
23:44:47 | INFO     | 批次完成 | 当前命中: narrative:8749, co-op:2264, cozy:6973, emotional:12897
23:44:47 | INFO     | 处理批次 134 / 524，app 数 500…
23:45:00 | INFO     | 进度: 66600/261603 (25.5%) | 命中: narrative:8749, co-op:2264, cozy:6973, emotional:12897
23:50:02 | INFO     | 进度: 66800/261603 (25.5%) | 命中: narrative:8749, co-op:2264, cozy:6973, emotional:12897
23:55:04 | INFO     | 进度: 67000/261603 (25.6%) | 命中: narrative:8749, co-op:2264, cozy:6973, emotional:12897
23:55:04 | INFO     | 批次完成 | 当前命中: narrative:8805, co-op:2280, cozy:7003, emotional:12971
23:55:04 | INFO     | 处理批次 135 / 524，app 数 500…
00:00:06 | INFO     | 进度: 67200/261603 (25.7%) | 命中: narrative:8805, co-op:2280, cozy:7003, emotional:12971
00:02:40 | INFO     | 进度: 67400/261603 (25.8%) | 命中: narrative:8805, co-op:2280, cozy:7003, emotional:12971
00:05:20 | INFO     | 批次完成 | 当前命中: narrative:8862, co-op:2294, cozy:7041, emotional:13045
00:05:20 | INFO     | 处理批次 136 / 524，app 数 500…
00:05:33 | INFO     | 进度: 67600/261603 (25.8%) | 命中: narrative:8862, co-op:2294, cozy:7041, emotional:13045
00:10:35 | INFO     | 进度: 67800/261603 (25.9%) | 命中: narrative:8862, co-op:2294, cozy:7041, emotional:13045
00:15:36 | INFO     | 进度: 68000/261603 (26.0%) | 命中: narrative:8862, co-op:2294, cozy:7041, emotional:13045
00:15:36 | INFO     | 批次完成 | 当前命中: narrative:8914, co-op:2308, cozy:7082, emotional:13121
00:15:36 | INFO     | 处理批次 137 / 524，app 数 500…
00:20:38 | INFO     | 进度: 68200/261603 (26.1%) | 命中: narrative:8914, co-op:2308, cozy:7082, emotional:13121
00:23:45 | INFO     | 进度: 68400/261603 (26.1%) | 命中: narrative:8914, co-op:2308, cozy:7082, emotional:13121
00:25:52 | INFO     | 批次完成 | 当前命中: narrative:8972, co-op:2317, cozy:7115, emotional:13197
00:25:52 | INFO     | 处理批次 138 / 524，app 数 500…
00:26:05 | INFO     | 进度: 68600/261603 (26.2%) | 命中: narrative:8972, co-op:2317, cozy:7115, emotional:13197
00:31:07 | INFO     | 进度: 68800/261603 (26.3%) | 命中: narrative:8972, co-op:2317, cozy:7115, emotional:13197
00:36:08 | INFO     | 进度: 69000/261603 (26.4%) | 命中: narrative:8972, co-op:2317, cozy:7115, emotional:13197
00:36:08 | INFO     | 批次完成 | 当前命中: narrative:9027, co-op:2331, cozy:7156, emotional:13275
00:36:08 | INFO     | 处理批次 139 / 524，app 数 500…
00:41:10 | INFO     | 进度: 69200/261603 (26.5%) | 命中: narrative:9027, co-op:2331, cozy:7156, emotional:13275
00:44:49 | INFO     | 进度: 69400/261603 (26.5%) | 命中: narrative:9027, co-op:2331, cozy:7156, emotional:13275
00:46:23 | INFO     | 批次完成 | 当前命中: narrative:9068, co-op:2343, cozy:7181, emotional:13333
00:46:23 | INFO     | 处理批次 140 / 524，app 数 500…
00:46:36 | INFO     | 进度: 69600/261603 (26.6%) | 命中: narrative:9068, co-op:2343, cozy:7181, emotional:13333
00:51:37 | INFO     | 进度: 69800/261603 (26.7%) | 命中: narrative:9068, co-op:2343, cozy:7181, emotional:13333
00:56:39 | INFO     | 进度: 70000/261603 (26.8%) | 命中: narrative:9068, co-op:2343, cozy:7181, emotional:13333
00:56:39 | INFO     | 批次完成 | 当前命中: narrative:9122, co-op:2361, cozy:7223, emotional:13411
00:56:39 | INFO     | 处理批次 141 / 524，app 数 500…
01:01:40 | INFO     | 进度: 70200/261603 (26.8%) | 命中: narrative:9122, co-op:2361, cozy:7223, emotional:13411
01:05:14 | INFO     | 进度: 70400/261603 (26.9%) | 命中: narrative:9122, co-op:2361, cozy:7223, emotional:13411
01:06:52 | INFO     | 批次完成 | 当前命中: narrative:9175, co-op:2378, cozy:7249, emotional:13482
01:06:52 | INFO     | 处理批次 142 / 524，app 数 500…
01:07:04 | INFO     | 进度: 70600/261603 (27.0%) | 命中: narrative:9175, co-op:2378, cozy:7249, emotional:13482
01:11:56 | INFO     | 进度: 70800/261603 (27.1%) | 命中: narrative:9175, co-op:2378, cozy:7249, emotional:13482
01:16:58 | INFO     | 进度: 71000/261603 (27.1%) | 命中: narrative:9175, co-op:2378, cozy:7249, emotional:13482
01:16:58 | INFO     | 批次完成 | 当前命中: narrative:9221, co-op:2395, cozy:7271, emotional:13536
01:16:58 | INFO     | 处理批次 143 / 524，app 数 500…
01:22:00 | INFO     | 进度: 71200/261603 (27.2%) | 命中: narrative:9221, co-op:2395, cozy:7271, emotional:13536
01:26:11 | INFO     | 进度: 71400/261603 (27.3%) | 命中: narrative:9221, co-op:2395, cozy:7271, emotional:13536
01:27:13 | INFO     | 批次完成 | 当前命中: narrative:9271, co-op:2408, cozy:7302, emotional:13603
01:27:13 | INFO     | 处理批次 144 / 524，app 数 500…
01:27:26 | INFO     | 进度: 71600/261603 (27.4%) | 命中: narrative:9271, co-op:2408, cozy:7302, emotional:13603
01:32:27 | INFO     | 进度: 71800/261603 (27.4%) | 命中: narrative:9271, co-op:2408, cozy:7302, emotional:13603
01:37:28 | INFO     | 进度: 72000/261603 (27.5%) | 命中: narrative:9271, co-op:2408, cozy:7302, emotional:13603
01:37:28 | INFO     | 批次完成 | 当前命中: narrative:9301, co-op:2422, cozy:7332, emotional:13656
01:37:28 | INFO     | 处理批次 145 / 524，app 数 500…
01:42:30 | INFO     | 进度: 72200/261603 (27.6%) | 命中: narrative:9301, co-op:2422, cozy:7332, emotional:13656
01:47:14 | INFO     | 进度: 72400/261603 (27.7%) | 命中: narrative:9301, co-op:2422, cozy:7332, emotional:13656
01:47:44 | INFO     | 批次完成 | 当前命中: narrative:9353, co-op:2438, cozy:7364, emotional:13723
01:47:44 | INFO     | 处理批次 146 / 524，app 数 500…
01:47:57 | INFO     | 进度: 72600/261603 (27.8%) | 命中: narrative:9353, co-op:2438, cozy:7364, emotional:13723
01:52:57 | INFO     | 进度: 72800/261603 (27.8%) | 命中: narrative:9353, co-op:2438, cozy:7364, emotional:13723
01:57:47 | INFO     | 进度: 73000/261603 (27.9%) | 命中: narrative:9353, co-op:2438, cozy:7364, emotional:13723
01:57:47 | INFO     | 批次完成 | 当前命中: narrative:9396, co-op:2456, cozy:7385, emotional:13776
01:57:48 | INFO     | 处理批次 147 / 524，app 数 500…
02:02:49 | INFO     | 进度: 73200/261603 (28.0%) | 命中: narrative:9396, co-op:2456, cozy:7385, emotional:13776
02:07:51 | INFO     | 进度: 73400/261603 (28.1%) | 命中: narrative:9396, co-op:2456, cozy:7385, emotional:13776
02:08:03 | INFO     | 批次完成 | 当前命中: narrative:9449, co-op:2467, cozy:7415, emotional:13838
02:08:03 | INFO     | 处理批次 148 / 524，app 数 500…
02:08:15 | INFO     | 进度: 73600/261603 (28.1%) | 命中: narrative:9449, co-op:2467, cozy:7415, emotional:13838
02:13:17 | INFO     | 进度: 73800/261603 (28.2%) | 命中: narrative:9449, co-op:2467, cozy:7415, emotional:13838
02:18:18 | INFO     | 进度: 74000/261603 (28.3%) | 命中: narrative:9449, co-op:2467, cozy:7415, emotional:13838
02:18:18 | INFO     | 批次完成 | 当前命中: narrative:9506, co-op:2478, cozy:7448, emotional:13916
02:18:18 | INFO     | 处理批次 149 / 524，app 数 500…
02:23:20 | INFO     | 进度: 74200/261603 (28.4%) | 命中: narrative:9506, co-op:2478, cozy:7448, emotional:13916
02:28:22 | INFO     | 进度: 74400/261603 (28.4%) | 命中: narrative:9506, co-op:2478, cozy:7448, emotional:13916
02:28:34 | INFO     | 批次完成 | 当前命中: narrative:9548, co-op:2492, cozy:7483, emotional:13978
02:28:34 | INFO     | 处理批次 150 / 524，app 数 500…
02:29:51 | INFO     | 进度: 74600/261603 (28.5%) | 命中: narrative:9548, co-op:2492, cozy:7483, emotional:13978
02:33:48 | INFO     | 进度: 74800/261603 (28.6%) | 命中: narrative:9548, co-op:2492, cozy:7483, emotional:13978
02:38:49 | INFO     | 进度: 75000/261603 (28.7%) | 命中: narrative:9548, co-op:2492, cozy:7483, emotional:13978
02:38:49 | INFO     | 批次完成 | 当前命中: narrative:9593, co-op:2508, cozy:7511, emotional:14048
02:38:49 | INFO     | 处理批次 151 / 524，app 数 500…
02:43:51 | INFO     | 进度: 75200/261603 (28.7%) | 命中: narrative:9593, co-op:2508, cozy:7511, emotional:14048
02:48:52 | INFO     | 进度: 75400/261603 (28.8%) | 命中: narrative:9593, co-op:2508, cozy:7511, emotional:14048
02:49:05 | INFO     | 批次完成 | 当前命中: narrative:9633, co-op:2524, cozy:7531, emotional:14100
02:49:05 | INFO     | 处理批次 152 / 524，app 数 500…
02:50:54 | INFO     | 进度: 75600/261603 (28.9%) | 命中: narrative:9633, co-op:2524, cozy:7531, emotional:14100
02:54:07 | INFO     | 进度: 75800/261603 (29.0%) | 命中: narrative:9633, co-op:2524, cozy:7531, emotional:14100
02:59:08 | INFO     | 进度: 76000/261603 (29.1%) | 命中: narrative:9633, co-op:2524, cozy:7531, emotional:14100
02:59:08 | INFO     | 批次完成 | 当前命中: narrative:9688, co-op:2536, cozy:7569, emotional:14169
02:59:08 | INFO     | 处理批次 153 / 524，app 数 500…
03:04:10 | INFO     | 进度: 76200/261603 (29.1%) | 命中: narrative:9688, co-op:2536, cozy:7569, emotional:14169
03:09:11 | INFO     | 进度: 76400/261603 (29.2%) | 命中: narrative:9688, co-op:2536, cozy:7569, emotional:14169
03:09:23 | INFO     | 批次完成 | 当前命中: narrative:9744, co-op:2548, cozy:7601, emotional:14237
03:09:23 | INFO     | 处理批次 154 / 524，app 数 500…
03:11:45 | INFO     | 进度: 76600/261603 (29.3%) | 命中: narrative:9744, co-op:2548, cozy:7601, emotional:14237
03:14:36 | INFO     | 进度: 76800/261603 (29.4%) | 命中: narrative:9744, co-op:2548, cozy:7601, emotional:14237
03:19:30 | INFO     | 进度: 77000/261603 (29.4%) | 命中: narrative:9744, co-op:2548, cozy:7601, emotional:14237
03:19:30 | INFO     | 批次完成 | 当前命中: narrative:9784, co-op:2558, cozy:7630, emotional:14292
03:19:30 | INFO     | 处理批次 155 / 524，app 数 500…
03:24:31 | INFO     | 进度: 77200/261603 (29.5%) | 命中: narrative:9784, co-op:2558, cozy:7630, emotional:14292
03:29:32 | INFO     | 进度: 77400/261603 (29.6%) | 命中: narrative:9784, co-op:2558, cozy:7630, emotional:14292
03:29:44 | INFO     | 批次完成 | 当前命中: narrative:9849, co-op:2579, cozy:7669, emotional:14373
03:29:44 | INFO     | 处理批次 156 / 524，app 数 500…
03:32:39 | INFO     | 进度: 77600/261603 (29.7%) | 命中: narrative:9849, co-op:2579, cozy:7669, emotional:14373
03:34:58 | INFO     | 进度: 77800/261603 (29.7%) | 命中: narrative:9849, co-op:2579, cozy:7669, emotional:14373
03:40:00 | INFO     | 进度: 78000/261603 (29.8%) | 命中: narrative:9849, co-op:2579, cozy:7669, emotional:14373
03:40:00 | INFO     | 批次完成 | 当前命中: narrative:9900, co-op:2587, cozy:7702, emotional:14437
03:40:00 | INFO     | 处理批次 157 / 524，app 数 500…
03:45:01 | INFO     | 进度: 78200/261603 (29.9%) | 命中: narrative:9900, co-op:2587, cozy:7702, emotional:14437
03:50:03 | INFO     | 进度: 78400/261603 (30.0%) | 命中: narrative:9900, co-op:2587, cozy:7702, emotional:14437
03:50:15 | INFO     | 批次完成 | 当前命中: narrative:9948, co-op:2599, cozy:7731, emotional:14494
03:50:15 | INFO     | 处理批次 158 / 524，app 数 500…
03:53:42 | INFO     | 进度: 78600/261603 (30.0%) | 命中: narrative:9948, co-op:2599, cozy:7731, emotional:14494
03:55:29 | INFO     | 进度: 78800/261603 (30.1%) | 命中: narrative:9948, co-op:2599, cozy:7731, emotional:14494
04:00:31 | INFO     | 进度: 79000/261603 (30.2%) | 命中: narrative:9948, co-op:2599, cozy:7731, emotional:14494
04:00:31 | INFO     | 批次完成 | 当前命中: narrative:9998, co-op:2617, cozy:7760, emotional:14555
04:00:31 | INFO     | 处理批次 159 / 524，app 数 500…
04:05:34 | INFO     | 进度: 79200/261603 (30.3%) | 命中: narrative:9998, co-op:2617, cozy:7760, emotional:14555
04:10:36 | INFO     | 进度: 79400/261603 (30.4%) | 命中: narrative:9998, co-op:2617, cozy:7760, emotional:14555
04:10:49 | INFO     | 批次完成 | 当前命中: narrative:10042, co-op:2626, cozy:7783, emotional:14614
04:10:49 | INFO     | 处理批次 160 / 524，app 数 500…
04:14:16 | INFO     | 进度: 79600/261603 (30.4%) | 命中: narrative:10042, co-op:2626, cozy:7783, emotional:14614
04:16:04 | INFO     | 进度: 79800/261603 (30.5%) | 命中: narrative:10042, co-op:2626, cozy:7783, emotional:14614
04:21:05 | INFO     | 进度: 80000/261603 (30.6%) | 命中: narrative:10042, co-op:2626, cozy:7783, emotional:14614
04:21:05 | INFO     | 批次完成 | 当前命中: narrative:10080, co-op:2636, cozy:7813, emotional:14668
04:21:05 | INFO     | 处理批次 161 / 524，app 数 500…
04:26:07 | INFO     | 进度: 80200/261603 (30.7%) | 命中: narrative:10080, co-op:2636, cozy:7813, emotional:14668
04:31:09 | INFO     | 进度: 80400/261603 (30.7%) | 命中: narrative:10080, co-op:2636, cozy:7813, emotional:14668
04:31:21 | INFO     | 批次完成 | 当前命中: narrative:10116, co-op:2653, cozy:7843, emotional:14725
04:31:21 | INFO     | 处理批次 162 / 524，app 数 500…
04:35:21 | INFO     | 进度: 80600/261603 (30.8%) | 命中: narrative:10116, co-op:2653, cozy:7843, emotional:14725
04:36:35 | INFO     | 进度: 80800/261603 (30.9%) | 命中: narrative:10116, co-op:2653, cozy:7843, emotional:14725
04:41:36 | INFO     | 进度: 81000/261603 (31.0%) | 命中: narrative:10116, co-op:2653, cozy:7843, emotional:14725
04:41:36 | INFO     | 批次完成 | 当前命中: narrative:10164, co-op:2668, cozy:7874, emotional:14789
04:41:36 | INFO     | 处理批次 163 / 524，app 数 500…
04:46:38 | INFO     | 进度: 81200/261603 (31.0%) | 命中: narrative:10164, co-op:2668, cozy:7874, emotional:14789
04:51:39 | INFO     | 进度: 81400/261603 (31.1%) | 命中: narrative:10164, co-op:2668, cozy:7874, emotional:14789
04:51:51 | INFO     | 批次完成 | 当前命中: narrative:10214, co-op:2680, cozy:7905, emotional:14852
04:51:51 | INFO     | 处理批次 164 / 524，app 数 500…
04:56:23 | INFO     | 进度: 81600/261603 (31.2%) | 命中: narrative:10214, co-op:2680, cozy:7905, emotional:14852
04:57:05 | INFO     | 进度: 81800/261603 (31.3%) | 命中: narrative:10214, co-op:2680, cozy:7905, emotional:14852
05:02:06 | INFO     | 进度: 82000/261603 (31.3%) | 命中: narrative:10214, co-op:2680, cozy:7905, emotional:14852
05:02:06 | INFO     | 批次完成 | 当前命中: narrative:10267, co-op:2700, cozy:7945, emotional:14922
05:02:06 | INFO     | 处理批次 165 / 524，app 数 500…
05:07:08 | INFO     | 进度: 82200/261603 (31.4%) | 命中: narrative:10267, co-op:2700, cozy:7945, emotional:14922
05:12:18 | INFO     | 进度: 82400/261603 (31.5%) | 命中: narrative:10267, co-op:2700, cozy:7945, emotional:14922
05:12:31 | INFO     | 批次完成 | 当前命中: narrative:10302, co-op:2710, cozy:7965, emotional:14964
05:12:31 | INFO     | 处理批次 166 / 524，app 数 500…
05:16:30 | INFO     | 进度: 82600/261603 (31.6%) | 命中: narrative:10302, co-op:2710, cozy:7965, emotional:14964
05:17:27 | INFO     | 进度: 82800/261603 (31.7%) | 命中: narrative:10302, co-op:2710, cozy:7965, emotional:14964
05:22:28 | INFO     | 进度: 83000/261603 (31.7%) | 命中: narrative:10302, co-op:2710, cozy:7965, emotional:14964
05:22:28 | INFO     | 批次完成 | 当前命中: narrative:10347, co-op:2728, cozy:7992, emotional:15027
05:22:28 | INFO     | 处理批次 167 / 524，app 数 500…
05:27:30 | INFO     | 进度: 83200/261603 (31.8%) | 命中: narrative:10347, co-op:2728, cozy:7992, emotional:15027
05:32:31 | INFO     | 进度: 83400/261603 (31.9%) | 命中: narrative:10347, co-op:2728, cozy:7992, emotional:15027
05:32:43 | INFO     | 批次完成 | 当前命中: narrative:10389, co-op:2742, cozy:8015, emotional:15087
05:32:43 | INFO     | 处理批次 168 / 524，app 数 500…
05:37:16 | INFO     | 进度: 83600/261603 (32.0%) | 命中: narrative:10389, co-op:2742, cozy:8015, emotional:15087
05:37:58 | INFO     | 进度: 83800/261603 (32.0%) | 命中: narrative:10389, co-op:2742, cozy:8015, emotional:15087
05:42:59 | INFO     | 进度: 84000/261603 (32.1%) | 命中: narrative:10389, co-op:2742, cozy:8015, emotional:15087
05:42:59 | INFO     | 批次完成 | 当前命中: narrative:10429, co-op:2750, cozy:8037, emotional:15140
05:42:59 | INFO     | 处理批次 169 / 524，app 数 500…
05:48:01 | INFO     | 进度: 84200/261603 (32.2%) | 命中: narrative:10429, co-op:2750, cozy:8037, emotional:15140
05:53:02 | INFO     | 进度: 84400/261603 (32.3%) | 命中: narrative:10429, co-op:2750, cozy:8037, emotional:15140
05:53:14 | INFO     | 批次完成 | 当前命中: narrative:10476, co-op:2760, cozy:8067, emotional:15207
05:53:14 | INFO     | 处理批次 170 / 524，app 数 500…
05:58:04 | INFO     | 进度: 84600/261603 (32.3%) | 命中: narrative:10476, co-op:2760, cozy:8067, emotional:15207
05:59:00 | INFO     | 进度: 84800/261603 (32.4%) | 命中: narrative:10476, co-op:2760, cozy:8067, emotional:15207
06:03:28 | INFO     | 进度: 85000/261603 (32.5%) | 命中: narrative:10476, co-op:2760, cozy:8067, emotional:15207
06:03:28 | INFO     | 批次完成 | 当前命中: narrative:10524, co-op:2775, cozy:8095, emotional:15269
06:03:28 | INFO     | 处理批次 171 / 524，app 数 500…
06:08:31 | INFO     | 进度: 85200/261603 (32.6%) | 命中: narrative:10524, co-op:2775, cozy:8095, emotional:15269
06:13:32 | INFO     | 进度: 85400/261603 (32.6%) | 命中: narrative:10524, co-op:2775, cozy:8095, emotional:15269
06:13:44 | INFO     | 批次完成 | 当前命中: narrative:10577, co-op:2792, cozy:8130, emotional:15337
06:13:44 | INFO     | 处理批次 172 / 524，app 数 500…
06:18:34 | INFO     | 进度: 85600/261603 (32.7%) | 命中: narrative:10577, co-op:2792, cozy:8130, emotional:15337
06:20:03 | INFO     | 进度: 85800/261603 (32.8%) | 命中: narrative:10577, co-op:2792, cozy:8130, emotional:15337
06:24:00 | INFO     | 进度: 86000/261603 (32.9%) | 命中: narrative:10577, co-op:2792, cozy:8130, emotional:15337
06:24:00 | INFO     | 批次完成 | 当前命中: narrative:10624, co-op:2806, cozy:8156, emotional:15398
06:24:00 | INFO     | 处理批次 173 / 524，app 数 500…
06:29:01 | INFO     | 进度: 86200/261603 (33.0%) | 命中: narrative:10624, co-op:2806, cozy:8156, emotional:15398
06:34:03 | INFO     | 进度: 86400/261603 (33.0%) | 命中: narrative:10624, co-op:2806, cozy:8156, emotional:15398
06:34:14 | INFO     | 批次完成 | 当前命中: narrative:10681, co-op:2817, cozy:8187, emotional:15471
06:34:14 | INFO     | 处理批次 174 / 524，app 数 500…
06:39:04 | INFO     | 进度: 86600/261603 (33.1%) | 命中: narrative:10681, co-op:2817, cozy:8187, emotional:15471
06:41:06 | INFO     | 进度: 86800/261603 (33.2%) | 命中: narrative:10681, co-op:2817, cozy:8187, emotional:15471
06:44:29 | INFO     | 进度: 87000/261603 (33.3%) | 命中: narrative:10681, co-op:2817, cozy:8187, emotional:15471
06:44:29 | INFO     | 批次完成 | 当前命中: narrative:10725, co-op:2824, cozy:8209, emotional:15524
06:44:29 | INFO     | 处理批次 175 / 524，app 数 500…
06:49:31 | INFO     | 进度: 87200/261603 (33.3%) | 命中: narrative:10725, co-op:2824, cozy:8209, emotional:15524
06:54:32 | INFO     | 进度: 87400/261603 (33.4%) | 命中: narrative:10725, co-op:2824, cozy:8209, emotional:15524
06:54:44 | INFO     | 批次完成 | 当前命中: narrative:10779, co-op:2844, cozy:8242, emotional:15593
06:54:44 | INFO     | 处理批次 176 / 524，app 数 500…
06:59:33 | INFO     | 进度: 87600/261603 (33.5%) | 命中: narrative:10779, co-op:2844, cozy:8242, emotional:15593
07:02:07 | INFO     | 进度: 87800/261603 (33.6%) | 命中: narrative:10779, co-op:2844, cozy:8242, emotional:15593
07:04:58 | INFO     | 进度: 88000/261603 (33.6%) | 命中: narrative:10779, co-op:2844, cozy:8242, emotional:15593
07:04:58 | INFO     | 批次完成 | 当前命中: narrative:10826, co-op:2850, cozy:8263, emotional:15658
07:04:58 | INFO     | 处理批次 177 / 524，app 数 500…
07:10:00 | INFO     | 进度: 88200/261603 (33.7%) | 命中: narrative:10826, co-op:2850, cozy:8263, emotional:15658
07:15:00 | INFO     | 进度: 88400/261603 (33.8%) | 命中: narrative:10826, co-op:2850, cozy:8263, emotional:15658
07:15:13 | INFO     | 批次完成 | 当前命中: narrative:10873, co-op:2869, cozy:8294, emotional:15721
07:15:13 | INFO     | 处理批次 178 / 524，app 数 500…
07:20:02 | INFO     | 进度: 88600/261603 (33.9%) | 命中: narrative:10873, co-op:2869, cozy:8294, emotional:15721
07:23:08 | INFO     | 进度: 88800/261603 (33.9%) | 命中: narrative:10873, co-op:2869, cozy:8294, emotional:15721
07:25:27 | INFO     | 进度: 89000/261603 (34.0%) | 命中: narrative:10873, co-op:2869, cozy:8294, emotional:15721
07:25:27 | INFO     | 批次完成 | 当前命中: narrative:10927, co-op:2883, cozy:8322, emotional:15793
07:25:27 | INFO     | 处理批次 179 / 524，app 数 500…
07:30:28 | INFO     | 进度: 89200/261603 (34.1%) | 命中: narrative:10927, co-op:2883, cozy:8322, emotional:15793
07:35:29 | INFO     | 进度: 89400/261603 (34.2%) | 命中: narrative:10927, co-op:2883, cozy:8322, emotional:15793
07:35:41 | INFO     | 批次完成 | 当前命中: narrative:10976, co-op:2895, cozy:8353, emotional:15857
07:35:41 | INFO     | 处理批次 180 / 524，app 数 500…
07:40:30 | INFO     | 进度: 89600/261603 (34.3%) | 命中: narrative:10976, co-op:2895, cozy:8353, emotional:15857
07:44:09 | INFO     | 进度: 89800/261603 (34.3%) | 命中: narrative:10976, co-op:2895, cozy:8353, emotional:15857
07:45:56 | INFO     | 进度: 90000/261603 (34.4%) | 命中: narrative:10976, co-op:2895, cozy:8353, emotional:15857
07:45:56 | INFO     | 批次完成 | 当前命中: narrative:11040, co-op:2918, cozy:8387, emotional:15940
07:45:56 | INFO     | 处理批次 181 / 524，app 数 500…
07:50:57 | INFO     | 进度: 90200/261603 (34.5%) | 命中: narrative:11040, co-op:2918, cozy:8387, emotional:15940
07:55:58 | INFO     | 进度: 90400/261603 (34.6%) | 命中: narrative:11040, co-op:2918, cozy:8387, emotional:15940
07:56:10 | INFO     | 批次完成 | 当前命中: narrative:11090, co-op:2931, cozy:8410, emotional:16004
07:56:10 | INFO     | 处理批次 182 / 524，app 数 500…
08:00:59 | INFO     | 进度: 90600/261603 (34.6%) | 命中: narrative:11090, co-op:2931, cozy:8410, emotional:16004
08:05:11 | INFO     | 进度: 90800/261603 (34.7%) | 命中: narrative:11090, co-op:2931, cozy:8410, emotional:16004
08:06:25 | INFO     | 进度: 91000/261603 (34.8%) | 命中: narrative:11090, co-op:2931, cozy:8410, emotional:16004
08:06:25 | INFO     | 批次完成 | 当前命中: narrative:11137, co-op:2951, cozy:8442, emotional:16075
08:06:25 | INFO     | 处理批次 183 / 524，app 数 500…
08:11:26 | INFO     | 进度: 91200/261603 (34.9%) | 命中: narrative:11137, co-op:2951, cozy:8442, emotional:16075
08:16:27 | INFO     | 进度: 91400/261603 (34.9%) | 命中: narrative:11137, co-op:2951, cozy:8442, emotional:16075
08:16:39 | INFO     | 批次完成 | 当前命中: narrative:11191, co-op:2965, cozy:8475, emotional:16144
08:16:39 | INFO     | 处理批次 184 / 524，app 数 500…
08:21:28 | INFO     | 进度: 91600/261603 (35.0%) | 命中: narrative:11191, co-op:2965, cozy:8475, emotional:16144
08:26:12 | INFO     | 进度: 91800/261603 (35.1%) | 命中: narrative:11191, co-op:2965, cozy:8475, emotional:16144
08:26:53 | INFO     | 进度: 92000/261603 (35.2%) | 命中: narrative:11191, co-op:2965, cozy:8475, emotional:16144
08:26:53 | INFO     | 批次完成 | 当前命中: narrative:11233, co-op:2972, cozy:8498, emotional:16200
08:26:53 | INFO     | 处理批次 185 / 524，app 数 500…
08:31:54 | INFO     | 进度: 92200/261603 (35.2%) | 命中: narrative:11233, co-op:2972, cozy:8498, emotional:16200
08:36:55 | INFO     | 进度: 92400/261603 (35.3%) | 命中: narrative:11233, co-op:2972, cozy:8498, emotional:16200
08:37:07 | INFO     | 批次完成 | 当前命中: narrative:11281, co-op:2984, cozy:8533, emotional:16273
08:37:07 | INFO     | 处理批次 186 / 524，app 数 500…
08:41:57 | INFO     | 进度: 92600/261603 (35.4%) | 命中: narrative:11281, co-op:2984, cozy:8533, emotional:16273
08:46:58 | INFO     | 进度: 92800/261603 (35.5%) | 命中: narrative:11281, co-op:2984, cozy:8533, emotional:16273
08:47:54 | INFO     | 进度: 93000/261603 (35.6%) | 命中: narrative:11281, co-op:2984, cozy:8533, emotional:16273
08:47:54 | INFO     | 批次完成 | 当前命中: narrative:11326, co-op:2994, cozy:8562, emotional:16332
08:47:54 | INFO     | 处理批次 187 / 524，app 数 500…
08:52:23 | INFO     | 进度: 93200/261603 (35.6%) | 命中: narrative:11326, co-op:2994, cozy:8562, emotional:16332
08:57:24 | INFO     | 进度: 93400/261603 (35.7%) | 命中: narrative:11326, co-op:2994, cozy:8562, emotional:16332
08:58:41 | INFO     | 批次完成 | 当前命中: narrative:11368, co-op:3009, cozy:8580, emotional:16393
08:58:41 | INFO     | 处理批次 188 / 524，app 数 500…
09:02:26 | INFO     | 进度: 93600/261603 (35.8%) | 命中: narrative:11368, co-op:3009, cozy:8580, emotional:16393
09:07:26 | INFO     | 进度: 93800/261603 (35.9%) | 命中: narrative:11368, co-op:3009, cozy:8580, emotional:16393
09:09:28 | INFO     | 进度: 94000/261603 (35.9%) | 命中: narrative:11368, co-op:3009, cozy:8580, emotional:16393
09:09:28 | INFO     | 批次完成 | 当前命中: narrative:11410, co-op:3022, cozy:8605, emotional:16440
09:09:28 | INFO     | 处理批次 189 / 524，app 数 500…
09:12:52 | INFO     | 进度: 94200/261603 (36.0%) | 命中: narrative:11410, co-op:3022, cozy:8605, emotional:16440
09:17:53 | INFO     | 进度: 94400/261603 (36.1%) | 命中: narrative:11410, co-op:3022, cozy:8605, emotional:16440
09:20:15 | INFO     | 批次完成 | 当前命中: narrative:11453, co-op:3032, cozy:8625, emotional:16500
09:20:15 | INFO     | 处理批次 190 / 524，app 数 500…
09:22:54 | INFO     | 进度: 94600/261603 (36.2%) | 命中: narrative:11453, co-op:3032, cozy:8625, emotional:16500
09:27:56 | INFO     | 进度: 94800/261603 (36.2%) | 命中: narrative:11453, co-op:3032, cozy:8625, emotional:16500
09:31:02 | INFO     | 进度: 95000/261603 (36.3%) | 命中: narrative:11453, co-op:3032, cozy:8625, emotional:16500
09:31:02 | INFO     | 批次完成 | 当前命中: narrative:11489, co-op:3039, cozy:8658, emotional:16554
09:31:02 | INFO     | 处理批次 191 / 524，app 数 500…
09:33:21 | INFO     | 进度: 95200/261603 (36.4%) | 命中: narrative:11489, co-op:3039, cozy:8658, emotional:16554
09:38:22 | INFO     | 进度: 95400/261603 (36.5%) | 命中: narrative:11489, co-op:3039, cozy:8658, emotional:16554
09:41:48 | INFO     | 批次完成 | 当前命中: narrative:11526, co-op:3053, cozy:8680, emotional:16606
09:41:48 | INFO     | 处理批次 192 / 524，app 数 500…
09:43:23 | INFO     | 进度: 95600/261603 (36.5%) | 命中: narrative:11526, co-op:3053, cozy:8680, emotional:16606
09:48:24 | INFO     | 进度: 95800/261603 (36.6%) | 命中: narrative:11526, co-op:3053, cozy:8680, emotional:16606
09:52:36 | INFO     | 进度: 96000/261603 (36.7%) | 命中: narrative:11526, co-op:3053, cozy:8680, emotional:16606
09:52:36 | INFO     | 批次完成 | 当前命中: narrative:11582, co-op:3068, cozy:8709, emotional:16679
09:52:36 | INFO     | 处理批次 193 / 524，app 数 500…
09:53:51 | INFO     | 进度: 96200/261603 (36.8%) | 命中: narrative:11582, co-op:3068, cozy:8709, emotional:16679
09:58:52 | INFO     | 进度: 96400/261603 (36.8%) | 命中: narrative:11582, co-op:3068, cozy:8709, emotional:16679
10:02:52 | INFO     | 批次完成 | 当前命中: narrative:11625, co-op:3083, cozy:8737, emotional:16741
10:02:52 | INFO     | 处理批次 194 / 524，app 数 500…
10:03:54 | INFO     | 进度: 96600/261603 (36.9%) | 命中: narrative:11625, co-op:3083, cozy:8737, emotional:16741
10:08:56 | INFO     | 进度: 96800/261603 (37.0%) | 命中: narrative:11625, co-op:3083, cozy:8737, emotional:16741
10:13:25 | INFO     | 进度: 97000/261603 (37.1%) | 命中: narrative:11625, co-op:3083, cozy:8737, emotional:16741
10:13:25 | INFO     | 批次完成 | 当前命中: narrative:11669, co-op:3092, cozy:8758, emotional:16800
10:13:25 | INFO     | 处理批次 195 / 524，app 数 500…
10:14:22 | INFO     | 进度: 97200/261603 (37.2%) | 命中: narrative:11669, co-op:3092, cozy:8758, emotional:16800
10:19:24 | INFO     | 进度: 97400/261603 (37.2%) | 命中: narrative:11669, co-op:3092, cozy:8758, emotional:16800
10:23:23 | INFO     | 批次完成 | 当前命中: narrative:11722, co-op:3112, cozy:8788, emotional:16869
10:23:23 | INFO     | 处理批次 196 / 524，app 数 500…
10:24:25 | INFO     | 进度: 97600/261603 (37.3%) | 命中: narrative:11722, co-op:3112, cozy:8788, emotional:16869
10:29:16 | INFO     | 进度: 97800/261603 (37.4%) | 命中: narrative:11722, co-op:3112, cozy:8788, emotional:16869
10:33:28 | INFO     | 进度: 98000/261603 (37.5%) | 命中: narrative:11722, co-op:3112, cozy:8788, emotional:16869
10:33:28 | INFO     | 批次完成 | 当前命中: narrative:11770, co-op:3120, cozy:8806, emotional:16932
10:33:28 | INFO     | 处理批次 197 / 524，app 数 500…
10:34:43 | INFO     | 进度: 98200/261603 (37.5%) | 命中: narrative:11770, co-op:3120, cozy:8806, emotional:16932
10:39:46 | INFO     | 进度: 98400/261603 (37.6%) | 命中: narrative:11770, co-op:3120, cozy:8806, emotional:16932
10:44:17 | INFO     | 批次完成 | 当前命中: narrative:11810, co-op:3132, cozy:8828, emotional:16983
10:44:17 | INFO     | 处理批次 198 / 524，app 数 500…
10:44:47 | INFO     | 进度: 98600/261603 (37.7%) | 命中: narrative:11810, co-op:3132, cozy:8828, emotional:16983
10:49:49 | INFO     | 进度: 98800/261603 (37.8%) | 命中: narrative:11810, co-op:3132, cozy:8828, emotional:16983
10:54:51 | INFO     | 进度: 99000/261603 (37.8%) | 命中: narrative:11810, co-op:3132, cozy:8828, emotional:16983
10:54:51 | INFO     | 批次完成 | 当前命中: narrative:11839, co-op:3141, cozy:8855, emotional:17024
10:54:51 | INFO     | 处理批次 199 / 524，app 数 500…
10:55:48 | INFO     | 进度: 99200/261603 (37.9%) | 命中: narrative:11839, co-op:3141, cozy:8855, emotional:17024
11:00:17 | INFO     | 进度: 99400/261603 (38.0%) | 命中: narrative:11839, co-op:3141, cozy:8855, emotional:17024
11:05:07 | INFO     | 批次完成 | 当前命中: narrative:11885, co-op:3148, cozy:8879, emotional:17088
11:05:07 | INFO     | 处理批次 200 / 524，app 数 500…
11:05:20 | INFO     | 进度: 99600/261603 (38.1%) | 命中: narrative:11885, co-op:3148, cozy:8879, emotional:17088
11:10:21 | INFO     | 进度: 99800/261603 (38.1%) | 命中: narrative:11885, co-op:3148, cozy:8879, emotional:17088
11:15:23 | INFO     | 进度: 100000/261603 (38.2%) | 命中: narrative:11885, co-op:3148, cozy:8879, emotional:17088
11:15:23 | INFO     | 批次完成 | 当前命中: narrative:11919, co-op:3157, cozy:8898, emotional:17138
11:15:23 | INFO     | 处理批次 201 / 524，app 数 500…
11:16:20 | INFO     | 进度: 100200/261603 (38.3%) | 命中: narrative:11919, co-op:3157, cozy:8898, emotional:17138
11:20:49 | INFO     | 进度: 100400/261603 (38.4%) | 命中: narrative:11919, co-op:3157, cozy:8898, emotional:17138
11:25:39 | INFO     | 批次完成 | 当前命中: narrative:11962, co-op:3167, cozy:8919, emotional:17191
11:25:39 | INFO     | 处理批次 202 / 524，app 数 500…
11:25:52 | INFO     | 进度: 100600/261603 (38.5%) | 命中: narrative:11962, co-op:3167, cozy:8919, emotional:17191
11:30:42 | INFO     | 进度: 100800/261603 (38.5%) | 命中: narrative:11962, co-op:3167, cozy:8919, emotional:17191
11:35:44 | INFO     | 进度: 101000/261603 (38.6%) | 命中: narrative:11962, co-op:3167, cozy:8919, emotional:17191
11:35:44 | INFO     | 批次完成 | 当前命中: narrative:11996, co-op:3185, cozy:8936, emotional:17241
11:35:44 | INFO     | 处理批次 203 / 524，app 数 500…
11:37:13 | INFO     | 进度: 101200/261603 (38.7%) | 命中: narrative:11996, co-op:3185, cozy:8936, emotional:17241
11:41:10 | INFO     | 进度: 101400/261603 (38.8%) | 命中: narrative:11996, co-op:3185, cozy:8936, emotional:17241
11:45:59 | INFO     | 批次完成 | 当前命中: narrative:12046, co-op:3202, cozy:8971, emotional:17312
11:45:59 | INFO     | 处理批次 204 / 524，app 数 500…
11:46:12 | INFO     | 进度: 101600/261603 (38.8%) | 命中: narrative:12046, co-op:3202, cozy:8971, emotional:17312
11:51:13 | INFO     | 进度: 101800/261603 (38.9%) | 命中: narrative:12046, co-op:3202, cozy:8971, emotional:17312
11:56:15 | INFO     | 进度: 102000/261603 (39.0%) | 命中: narrative:12046, co-op:3202, cozy:8971, emotional:17312
11:56:15 | INFO     | 批次完成 | 当前命中: narrative:12095, co-op:3218, cozy:8998, emotional:17377
11:56:15 | INFO     | 处理批次 205 / 524，app 数 500…
11:58:17 | INFO     | 进度: 102200/261603 (39.1%) | 命中: narrative:12095, co-op:3218, cozy:8998, emotional:17377
12:01:41 | INFO     | 进度: 102400/261603 (39.1%) | 命中: narrative:12095, co-op:3218, cozy:8998, emotional:17377
12:06:30 | INFO     | 批次完成 | 当前命中: narrative:12151, co-op:3235, cozy:9028, emotional:17444
12:06:30 | INFO     | 处理批次 206 / 524，app 数 500…
12:06:43 | INFO     | 进度: 102600/261603 (39.2%) | 命中: narrative:12151, co-op:3235, cozy:9028, emotional:17444
12:11:44 | INFO     | 进度: 102800/261603 (39.3%) | 命中: narrative:12151, co-op:3235, cozy:9028, emotional:17444
12:16:45 | INFO     | 进度: 103000/261603 (39.4%) | 命中: narrative:12151, co-op:3235, cozy:9028, emotional:17444
12:16:45 | INFO     | 批次完成 | 当前命中: narrative:12201, co-op:3246, cozy:9056, emotional:17504
12:16:45 | INFO     | 处理批次 207 / 524，app 数 500…
12:18:47 | INFO     | 进度: 103200/261603 (39.4%) | 命中: narrative:12201, co-op:3246, cozy:9056, emotional:17504
12:22:11 | INFO     | 进度: 103400/261603 (39.5%) | 命中: narrative:12201, co-op:3246, cozy:9056, emotional:17504
12:27:01 | INFO     | 批次完成 | 当前命中: narrative:12253, co-op:3260, cozy:9090, emotional:17567
12:27:01 | INFO     | 处理批次 208 / 524，app 数 500…
12:27:13 | INFO     | 进度: 103600/261603 (39.6%) | 命中: narrative:12253, co-op:3260, cozy:9090, emotional:17567
12:32:14 | INFO     | 进度: 103800/261603 (39.7%) | 命中: narrative:12253, co-op:3260, cozy:9090, emotional:17567
12:37:14 | INFO     | 进度: 104000/261603 (39.8%) | 命中: narrative:12253, co-op:3260, cozy:9090, emotional:17567
12:37:15 | INFO     | 批次完成 | 当前命中: narrative:12298, co-op:3271, cozy:9114, emotional:17630
12:37:15 | INFO     | 处理批次 209 / 524，app 数 500…
12:39:48 | INFO     | 进度: 104200/261603 (39.8%) | 命中: narrative:12298, co-op:3271, cozy:9114, emotional:17630
12:42:39 | INFO     | 进度: 104400/261603 (39.9%) | 命中: narrative:12298, co-op:3271, cozy:9114, emotional:17630
12:47:28 | INFO     | 批次完成 | 当前命中: narrative:12350, co-op:3282, cozy:9148, emotional:17695
12:47:28 | INFO     | 处理批次 210 / 524，app 数 500…
12:47:40 | INFO     | 进度: 104600/261603 (40.0%) | 命中: narrative:12350, co-op:3282, cozy:9148, emotional:17695
12:52:40 | INFO     | 进度: 104800/261603 (40.1%) | 命中: narrative:12350, co-op:3282, cozy:9148, emotional:17695
12:57:42 | INFO     | 进度: 105000/261603 (40.1%) | 命中: narrative:12350, co-op:3282, cozy:9148, emotional:17695
12:57:42 | INFO     | 批次完成 | 当前命中: narrative:12383, co-op:3290, cozy:9165, emotional:17737
12:57:42 | INFO     | 处理批次 211 / 524，app 数 500…
13:01:20 | INFO     | 进度: 105200/261603 (40.2%) | 命中: narrative:12383, co-op:3290, cozy:9165, emotional:17737
13:03:06 | INFO     | 进度: 105400/261603 (40.3%) | 命中: narrative:12383, co-op:3290, cozy:9165, emotional:17737
13:07:55 | INFO     | 批次完成 | 当前命中: narrative:12418, co-op:3303, cozy:9184, emotional:17782
13:07:55 | INFO     | 处理批次 212 / 524，app 数 500…
13:08:08 | INFO     | 进度: 105600/261603 (40.4%) | 命中: narrative:12418, co-op:3303, cozy:9184, emotional:17782
13:13:10 | INFO     | 进度: 105800/261603 (40.4%) | 命中: narrative:12418, co-op:3303, cozy:9184, emotional:17782
13:18:10 | INFO     | 进度: 106000/261603 (40.5%) | 命中: narrative:12418, co-op:3303, cozy:9184, emotional:17782
13:18:10 | INFO     | 批次完成 | 当前命中: narrative:12450, co-op:3319, cozy:9201, emotional:17820
13:18:10 | INFO     | 处理批次 213 / 524，app 数 500…
13:21:49 | INFO     | 进度: 106200/261603 (40.6%) | 命中: narrative:12450, co-op:3319, cozy:9201, emotional:17820
13:23:35 | INFO     | 进度: 106400/261603 (40.7%) | 命中: narrative:12450, co-op:3319, cozy:9201, emotional:17820
13:28:24 | INFO     | 批次完成 | 当前命中: narrative:12484, co-op:3330, cozy:9228, emotional:17871
13:28:24 | INFO     | 处理批次 214 / 524，app 数 500…
13:28:36 | INFO     | 进度: 106600/261603 (40.7%) | 命中: narrative:12484, co-op:3330, cozy:9228, emotional:17871
13:33:37 | INFO     | 进度: 106800/261603 (40.8%) | 命中: narrative:12484, co-op:3330, cozy:9228, emotional:17871
13:38:38 | INFO     | 进度: 107000/261603 (40.9%) | 命中: narrative:12484, co-op:3330, cozy:9228, emotional:17871
13:38:38 | INFO     | 批次完成 | 当前命中: narrative:12519, co-op:3339, cozy:9250, emotional:17917
13:38:38 | INFO     | 处理批次 215 / 524，app 数 500…
13:42:50 | INFO     | 进度: 107200/261603 (41.0%) | 命中: narrative:12519, co-op:3339, cozy:9250, emotional:17917
13:44:03 | INFO     | 进度: 107400/261603 (41.1%) | 命中: narrative:12519, co-op:3339, cozy:9250, emotional:17917
13:48:52 | INFO     | 批次完成 | 当前命中: narrative:12562, co-op:3351, cozy:9277, emotional:17980
13:48:52 | INFO     | 处理批次 216 / 524，app 数 500…
13:49:05 | INFO     | 进度: 107600/261603 (41.1%) | 命中: narrative:12562, co-op:3351, cozy:9277, emotional:17980
13:54:06 | INFO     | 进度: 107800/261603 (41.2%) | 命中: narrative:12562, co-op:3351, cozy:9277, emotional:17980
13:59:08 | INFO     | 进度: 108000/261603 (41.3%) | 命中: narrative:12562, co-op:3351, cozy:9277, emotional:17980
13:59:08 | INFO     | 批次完成 | 当前命中: narrative:12601, co-op:3368, cozy:9308, emotional:18039
13:59:08 | INFO     | 处理批次 217 / 524，app 数 500…
14:03:51 | INFO     | 进度: 108200/261603 (41.4%) | 命中: narrative:12601, co-op:3368, cozy:9308, emotional:18039
14:04:32 | INFO     | 进度: 108400/261603 (41.4%) | 命中: narrative:12601, co-op:3368, cozy:9308, emotional:18039
14:09:22 | INFO     | 批次完成 | 当前命中: narrative:12646, co-op:3378, cozy:9341, emotional:18102
14:09:22 | INFO     | 处理批次 218 / 524，app 数 500…
14:09:34 | INFO     | 进度: 108600/261603 (41.5%) | 命中: narrative:12646, co-op:3378, cozy:9341, emotional:18102
14:14:35 | INFO     | 进度: 108800/261603 (41.6%) | 命中: narrative:12646, co-op:3378, cozy:9341, emotional:18102
14:19:36 | INFO     | 进度: 109000/261603 (41.7%) | 命中: narrative:12646, co-op:3378, cozy:9341, emotional:18102
14:19:36 | INFO     | 批次完成 | 当前命中: narrative:12679, co-op:3394, cozy:9365, emotional:18151
14:19:36 | INFO     | 处理批次 219 / 524，app 数 500…
14:24:38 | INFO     | 进度: 109200/261603 (41.7%) | 命中: narrative:12679, co-op:3394, cozy:9365, emotional:18151
14:26:09 | INFO     | 进度: 109400/261603 (41.8%) | 命中: narrative:12679, co-op:3394, cozy:9365, emotional:18151
14:29:53 | INFO     | 批次完成 | 当前命中: narrative:12706, co-op:3403, cozy:9382, emotional:18186
14:29:53 | INFO     | 处理批次 220 / 524，app 数 500…
14:30:06 | INFO     | 进度: 109600/261603 (41.9%) | 命中: narrative:12706, co-op:3403, cozy:9382, emotional:18186
14:35:07 | INFO     | 进度: 109800/261603 (42.0%) | 命中: narrative:12706, co-op:3403, cozy:9382, emotional:18186
14:40:09 | INFO     | 进度: 110000/261603 (42.0%) | 命中: narrative:12706, co-op:3403, cozy:9382, emotional:18186
14:40:09 | INFO     | 批次完成 | 当前命中: narrative:12742, co-op:3409, cozy:9401, emotional:18234
14:40:09 | INFO     | 处理批次 221 / 524，app 数 500…
14:45:10 | INFO     | 进度: 110200/261603 (42.1%) | 命中: narrative:12742, co-op:3409, cozy:9401, emotional:18234
14:46:39 | INFO     | 进度: 110400/261603 (42.2%) | 命中: narrative:12742, co-op:3409, cozy:9401, emotional:18234
14:50:23 | INFO     | 批次完成 | 当前命中: narrative:12770, co-op:3420, cozy:9425, emotional:18272
14:50:23 | INFO     | 处理批次 222 / 524，app 数 500…
14:50:35 | INFO     | 进度: 110600/261603 (42.3%) | 命中: narrative:12770, co-op:3420, cozy:9425, emotional:18272
14:55:38 | INFO     | 进度: 110800/261603 (42.4%) | 命中: narrative:12770, co-op:3420, cozy:9425, emotional:18272
15:00:39 | INFO     | 进度: 111000/261603 (42.4%) | 命中: narrative:12770, co-op:3420, cozy:9425, emotional:18272
15:00:39 | INFO     | 批次完成 | 当前命中: narrative:12807, co-op:3428, cozy:9452, emotional:18328
15:00:39 | INFO     | 处理批次 223 / 524，app 数 500…
15:05:40 | INFO     | 进度: 111200/261603 (42.5%) | 命中: narrative:12807, co-op:3428, cozy:9452, emotional:18328
15:08:13 | INFO     | 进度: 111400/261603 (42.6%) | 命中: narrative:12807, co-op:3428, cozy:9452, emotional:18328
15:10:53 | INFO     | 批次完成 | 当前命中: narrative:12841, co-op:3439, cozy:9471, emotional:18370
15:10:53 | INFO     | 处理批次 224 / 524，app 数 500…
15:11:05 | INFO     | 进度: 111600/261603 (42.7%) | 命中: narrative:12841, co-op:3439, cozy:9471, emotional:18370
15:16:06 | INFO     | 进度: 111800/261603 (42.7%) | 命中: narrative:12841, co-op:3439, cozy:9471, emotional:18370
15:21:07 | INFO     | 进度: 112000/261603 (42.8%) | 命中: narrative:12841, co-op:3439, cozy:9471, emotional:18370
15:21:07 | INFO     | 批次完成 | 当前命中: narrative:12874, co-op:3459, cozy:9496, emotional:18412
15:21:07 | INFO     | 处理批次 225 / 524，app 数 500…
15:26:09 | INFO     | 进度: 112200/261603 (42.9%) | 命中: narrative:12874, co-op:3459, cozy:9496, emotional:18412
15:28:43 | INFO     | 进度: 112400/261603 (43.0%) | 命中: narrative:12874, co-op:3459, cozy:9496, emotional:18412
15:31:22 | INFO     | 批次完成 | 当前命中: narrative:12910, co-op:3475, cozy:9522, emotional:18464
15:31:22 | INFO     | 处理批次 226 / 524，app 数 500…
15:31:35 | INFO     | 进度: 112600/261603 (43.0%) | 命中: narrative:12910, co-op:3475, cozy:9522, emotional:18464
15:36:36 | INFO     | 进度: 112800/261603 (43.1%) | 命中: narrative:12910, co-op:3475, cozy:9522, emotional:18464
15:41:37 | INFO     | 进度: 113000/261603 (43.2%) | 命中: narrative:12910, co-op:3475, cozy:9522, emotional:18464
15:41:37 | INFO     | 批次完成 | 当前命中: narrative:12951, co-op:3482, cozy:9546, emotional:18516
15:41:37 | INFO     | 处理批次 227 / 524，app 数 500…
15:46:39 | INFO     | 进度: 113200/261603 (43.3%) | 命中: narrative:12951, co-op:3482, cozy:9546, emotional:18516
15:49:45 | INFO     | 进度: 113400/261603 (43.3%) | 命中: narrative:12951, co-op:3482, cozy:9546, emotional:18516
15:51:52 | INFO     | 批次完成 | 当前命中: narrative:12994, co-op:3496, cozy:9574, emotional:18574
15:51:52 | INFO     | 处理批次 228 / 524，app 数 500…
15:52:04 | INFO     | 进度: 113600/261603 (43.4%) | 命中: narrative:12994, co-op:3496, cozy:9574, emotional:18574
15:57:06 | INFO     | 进度: 113800/261603 (43.5%) | 命中: narrative:12994, co-op:3496, cozy:9574, emotional:18574
16:02:07 | INFO     | 进度: 114000/261603 (43.6%) | 命中: narrative:12994, co-op:3496, cozy:9574, emotional:18574
16:02:07 | INFO     | 批次完成 | 当前命中: narrative:13017, co-op:3507, cozy:9598, emotional:18615
16:02:07 | INFO     | 处理批次 229 / 524，app 数 500…
16:07:08 | INFO     | 进度: 114200/261603 (43.7%) | 命中: narrative:13017, co-op:3507, cozy:9598, emotional:18615
16:10:46 | INFO     | 进度: 114400/261603 (43.7%) | 命中: narrative:13017, co-op:3507, cozy:9598, emotional:18615
16:12:21 | INFO     | 批次完成 | 当前命中: narrative:13060, co-op:3518, cozy:9622, emotional:18671
16:12:21 | INFO     | 处理批次 230 / 524，app 数 500…
16:12:33 | INFO     | 进度: 114600/261603 (43.8%) | 命中: narrative:13060, co-op:3518, cozy:9622, emotional:18671
16:17:34 | INFO     | 进度: 114800/261603 (43.9%) | 命中: narrative:13060, co-op:3518, cozy:9622, emotional:18671
16:22:35 | INFO     | 进度: 115000/261603 (44.0%) | 命中: narrative:13060, co-op:3518, cozy:9622, emotional:18671
16:22:35 | INFO     | 批次完成 | 当前命中: narrative:13093, co-op:3530, cozy:9643, emotional:18713
16:22:35 | INFO     | 处理批次 231 / 524，app 数 500…
16:27:36 | INFO     | 进度: 115200/261603 (44.0%) | 命中: narrative:13093, co-op:3530, cozy:9643, emotional:18713
16:31:47 | INFO     | 进度: 115400/261603 (44.1%) | 命中: narrative:13093, co-op:3530, cozy:9643, emotional:18713
16:32:49 | INFO     | 批次完成 | 当前命中: narrative:13114, co-op:3537, cozy:9653, emotional:18742
16:32:49 | INFO     | 处理批次 232 / 524，app 数 500…
16:33:02 | INFO     | 进度: 115600/261603 (44.2%) | 命中: narrative:13114, co-op:3537, cozy:9653, emotional:18742
16:38:03 | INFO     | 进度: 115800/261603 (44.3%) | 命中: narrative:13114, co-op:3537, cozy:9653, emotional:18742
16:40:19 | INFO     | 进度: 116000/261603 (44.3%) | 命中: narrative:13114, co-op:3537, cozy:9653, emotional:18742
16:40:19 | INFO     | 批次完成 | 当前命中: narrative:13133, co-op:3541, cozy:9668, emotional:18769
16:40:19 | INFO     | 处理批次 233 / 524，app 数 500…
16:40:41 | INFO     | 进度: 116200/261603 (44.4%) | 命中: narrative:13133, co-op:3541, cozy:9668, emotional:18769
16:42:24 | INFO     | 进度: 116400/261603 (44.5%) | 命中: narrative:13133, co-op:3541, cozy:9668, emotional:18769
16:42:58 | INFO     | 批次完成 | 当前命中: narrative:13140, co-op:3542, cozy:9672, emotional:18777
16:42:58 | INFO     | 处理批次 234 / 524，app 数 500…
16:43:10 | INFO     | 进度: 116600/261603 (44.6%) | 命中: narrative:13140, co-op:3542, cozy:9672, emotional:18777
16:48:12 | INFO     | 进度: 116800/261603 (44.6%) | 命中: narrative:13140, co-op:3542, cozy:9672, emotional:18777
16:53:13 | INFO     | 进度: 117000/261603 (44.7%) | 命中: narrative:13140, co-op:3542, cozy:9672, emotional:18777
16:53:13 | INFO     | 批次完成 | 当前命中: narrative:13171, co-op:3554, cozy:9689, emotional:18818
16:53:13 | INFO     | 处理批次 235 / 524，app 数 500…
16:58:15 | INFO     | 进度: 117200/261603 (44.8%) | 命中: narrative:13171, co-op:3554, cozy:9689, emotional:18818
17:02:26 | INFO     | 进度: 117400/261603 (44.9%) | 命中: narrative:13171, co-op:3554, cozy:9689, emotional:18818
17:03:28 | INFO     | 批次完成 | 当前命中: narrative:13204, co-op:3564, cozy:9705, emotional:18864
17:03:28 | INFO     | 处理批次 236 / 524，app 数 500…
17:03:49 | INFO     | 进度: 117600/261603 (45.0%) | 命中: narrative:13204, co-op:3564, cozy:9705, emotional:18864
17:08:33 | INFO     | 进度: 117800/261603 (45.0%) | 命中: narrative:13204, co-op:3564, cozy:9705, emotional:18864
17:13:34 | INFO     | 进度: 118000/261603 (45.1%) | 命中: narrative:13204, co-op:3564, cozy:9705, emotional:18864
17:13:34 | INFO     | 批次完成 | 当前命中: narrative:13245, co-op:3575, cozy:9728, emotional:18925
17:13:34 | INFO     | 处理批次 237 / 524，app 数 500…
17:18:35 | INFO     | 进度: 118200/261603 (45.2%) | 命中: narrative:13245, co-op:3575, cozy:9728, emotional:18925
17:21:42 | INFO     | 进度: 118400/261603 (45.3%) | 命中: narrative:13245, co-op:3575, cozy:9728, emotional:18925
17:23:49 | INFO     | 批次完成 | 当前命中: narrative:13271, co-op:3583, cozy:9744, emotional:18963
17:23:49 | INFO     | 处理批次 238 / 524，app 数 500…
17:24:02 | INFO     | 进度: 118600/261603 (45.3%) | 命中: narrative:13271, co-op:3583, cozy:9744, emotional:18963
17:29:03 | INFO     | 进度: 118800/261603 (45.4%) | 命中: narrative:13271, co-op:3583, cozy:9744, emotional:18963
17:34:04 | INFO     | 进度: 119000/261603 (45.5%) | 命中: narrative:13271, co-op:3583, cozy:9744, emotional:18963
17:34:04 | INFO     | 批次完成 | 当前命中: narrative:13311, co-op:3601, cozy:9778, emotional:19020
17:34:04 | INFO     | 处理批次 239 / 524，app 数 500…
17:39:06 | INFO     | 进度: 119200/261603 (45.6%) | 命中: narrative:13311, co-op:3601, cozy:9778, emotional:19020
17:42:44 | INFO     | 进度: 119400/261603 (45.6%) | 命中: narrative:13311, co-op:3601, cozy:9778, emotional:19020
17:44:19 | INFO     | 批次完成 | 当前命中: narrative:13345, co-op:3614, cozy:9803, emotional:19068
17:44:19 | INFO     | 处理批次 240 / 524，app 数 500…
17:44:31 | INFO     | 进度: 119600/261603 (45.7%) | 命中: narrative:13345, co-op:3614, cozy:9803, emotional:19068
17:49:32 | INFO     | 进度: 119800/261603 (45.8%) | 命中: narrative:13345, co-op:3614, cozy:9803, emotional:19068
17:54:33 | INFO     | 进度: 120000/261603 (45.9%) | 命中: narrative:13345, co-op:3614, cozy:9803, emotional:19068
17:54:33 | INFO     | 批次完成 | 当前命中: narrative:13384, co-op:3624, cozy:9817, emotional:19111
17:54:33 | INFO     | 处理批次 241 / 524，app 数 500…
17:59:35 | INFO     | 进度: 120200/261603 (45.9%) | 命中: narrative:13384, co-op:3624, cozy:9817, emotional:19111
18:03:46 | INFO     | 进度: 120400/261603 (46.0%) | 命中: narrative:13384, co-op:3624, cozy:9817, emotional:19111
18:04:48 | INFO     | 批次完成 | 当前命中: narrative:13426, co-op:3642, cozy:9845, emotional:19173
18:04:48 | INFO     | 处理批次 242 / 524，app 数 500…
18:05:01 | INFO     | 进度: 120600/261603 (46.1%) | 命中: narrative:13426, co-op:3642, cozy:9845, emotional:19173
18:10:03 | INFO     | 进度: 120800/261603 (46.2%) | 命中: narrative:13426, co-op:3642, cozy:9845, emotional:19173
18:15:05 | INFO     | 进度: 121000/261603 (46.3%) | 命中: narrative:13426, co-op:3642, cozy:9845, emotional:19173
18:15:05 | INFO     | 批次完成 | 当前命中: narrative:13462, co-op:3652, cozy:9868, emotional:19223
18:15:05 | INFO     | 处理批次 243 / 524，app 数 500…
18:20:07 | INFO     | 进度: 121200/261603 (46.3%) | 命中: narrative:13462, co-op:3652, cozy:9868, emotional:19223
18:24:18 | INFO     | 进度: 121400/261603 (46.4%) | 命中: narrative:13462, co-op:3652, cozy:9868, emotional:19223
18:25:21 | INFO     | 批次完成 | 当前命中: narrative:13511, co-op:3661, cozy:9892, emotional:19284
18:25:21 | INFO     | 处理批次 244 / 524，app 数 500…
18:25:33 | INFO     | 进度: 121600/261603 (46.5%) | 命中: narrative:13511, co-op:3661, cozy:9892, emotional:19284
18:30:35 | INFO     | 进度: 121800/261603 (46.6%) | 命中: narrative:13511, co-op:3661, cozy:9892, emotional:19284
18:35:39 | INFO     | 进度: 122000/261603 (46.6%) | 命中: narrative:13511, co-op:3661, cozy:9892, emotional:19284
18:35:39 | INFO     | 批次完成 | 当前命中: narrative:13549, co-op:3669, cozy:9919, emotional:19330
18:35:39 | INFO     | 处理批次 245 / 524，app 数 500…
18:40:40 | INFO     | 进度: 122200/261603 (46.7%) | 命中: narrative:13549, co-op:3669, cozy:9919, emotional:19330
18:44:19 | INFO     | 进度: 122400/261603 (46.8%) | 命中: narrative:13549, co-op:3669, cozy:9919, emotional:19330
18:45:54 | INFO     | 批次完成 | 当前命中: narrative:13591, co-op:3679, cozy:9947, emotional:19383
18:45:54 | INFO     | 处理批次 246 / 524，app 数 500…
18:46:06 | INFO     | 进度: 122600/261603 (46.9%) | 命中: narrative:13591, co-op:3679, cozy:9947, emotional:19383
18:51:08 | INFO     | 进度: 122800/261603 (46.9%) | 命中: narrative:13591, co-op:3679, cozy:9947, emotional:19383
18:56:10 | INFO     | 进度: 123000/261603 (47.0%) | 命中: narrative:13591, co-op:3679, cozy:9947, emotional:19383
18:56:10 | INFO     | 批次完成 | 当前命中: narrative:13635, co-op:3687, cozy:9978, emotional:19448
18:56:10 | INFO     | 处理批次 247 / 524，app 数 500…
19:01:12 | INFO     | 进度: 123200/261603 (47.1%) | 命中: narrative:13635, co-op:3687, cozy:9978, emotional:19448
19:05:23 | INFO     | 进度: 123400/261603 (47.2%) | 命中: narrative:13635, co-op:3687, cozy:9978, emotional:19448
19:06:25 | INFO     | 批次完成 | 当前命中: narrative:13663, co-op:3698, cozy:10000, emotional:19485
19:06:25 | INFO     | 处理批次 248 / 524，app 数 500…
19:06:37 | INFO     | 进度: 123600/261603 (47.2%) | 命中: narrative:13663, co-op:3698, cozy:10000, emotional:19485
19:11:42 | INFO     | 进度: 123800/261603 (47.3%) | 命中: narrative:13663, co-op:3698, cozy:10000, emotional:19485
19:16:34 | INFO     | 进度: 124000/261603 (47.4%) | 命中: narrative:13663, co-op:3698, cozy:10000, emotional:19485
19:16:34 | INFO     | 批次完成 | 当前命中: narrative:13699, co-op:3708, cozy:10022, emotional:19531
19:16:34 | INFO     | 处理批次 249 / 524，app 数 500…
19:21:36 | INFO     | 进度: 124200/261603 (47.5%) | 命中: narrative:13699, co-op:3708, cozy:10022, emotional:19531
19:26:18 | INFO     | 进度: 124400/261603 (47.6%) | 命中: narrative:13699, co-op:3708, cozy:10022, emotional:19531
19:26:48 | INFO     | 批次完成 | 当前命中: narrative:13717, co-op:3716, cozy:10036, emotional:19562
19:26:48 | INFO     | 处理批次 250 / 524，app 数 500…
19:27:00 | INFO     | 进度: 124600/261603 (47.6%) | 命中: narrative:13717, co-op:3716, cozy:10036, emotional:19562
19:31:50 | INFO     | 进度: 124800/261603 (47.7%) | 命中: narrative:13717, co-op:3716, cozy:10036, emotional:19562
19:36:51 | INFO     | 进度: 125000/261603 (47.8%) | 命中: narrative:13717, co-op:3716, cozy:10036, emotional:19562
19:36:51 | INFO     | 批次完成 | 当前命中: narrative:13749, co-op:3724, cozy:10051, emotional:19600
19:36:51 | INFO     | 处理批次 251 / 524，app 数 500…
19:41:53 | INFO     | 进度: 125200/261603 (47.9%) | 命中: narrative:13749, co-op:3724, cozy:10051, emotional:19600
19:46:37 | INFO     | 进度: 125400/261603 (47.9%) | 命中: narrative:13749, co-op:3724, cozy:10051, emotional:19600
19:47:06 | INFO     | 批次完成 | 当前命中: narrative:13766, co-op:3730, cozy:10064, emotional:19628
19:47:06 | INFO     | 处理批次 252 / 524，app 数 500…
19:47:19 | INFO     | 进度: 125600/261603 (48.0%) | 命中: narrative:13766, co-op:3730, cozy:10064, emotional:19628
19:52:20 | INFO     | 进度: 125800/261603 (48.1%) | 命中: narrative:13766, co-op:3730, cozy:10064, emotional:19628
19:57:22 | INFO     | 进度: 126000/261603 (48.2%) | 命中: narrative:13766, co-op:3730, cozy:10064, emotional:19628
19:57:22 | INFO     | 批次完成 | 当前命中: narrative:13797, co-op:3738, cozy:10081, emotional:19670
19:57:22 | INFO     | 处理批次 253 / 524，app 数 500…
20:02:23 | INFO     | 进度: 126200/261603 (48.2%) | 命中: narrative:13797, co-op:3738, cozy:10081, emotional:19670
20:07:24 | INFO     | 进度: 126400/261603 (48.3%) | 命中: narrative:13797, co-op:3738, cozy:10081, emotional:19670
20:07:36 | INFO     | 批次完成 | 当前命中: narrative:13832, co-op:3743, cozy:10102, emotional:19710
20:07:36 | INFO     | 处理批次 254 / 524，app 数 500…
20:08:22 | INFO     | 进度: 126600/261603 (48.4%) | 命中: narrative:13832, co-op:3743, cozy:10102, emotional:19710
20:12:50 | INFO     | 进度: 126800/261603 (48.5%) | 命中: narrative:13832, co-op:3743, cozy:10102, emotional:19710
20:17:51 | INFO     | 进度: 127000/261603 (48.5%) | 命中: narrative:13832, co-op:3743, cozy:10102, emotional:19710
20:17:51 | INFO     | 批次完成 | 当前命中: narrative:13867, co-op:3753, cozy:10133, emotional:19760
20:17:51 | INFO     | 处理批次 255 / 524，app 数 500…
20:22:52 | INFO     | 进度: 127200/261603 (48.6%) | 命中: narrative:13867, co-op:3753, cozy:10133, emotional:19760
20:27:53 | INFO     | 进度: 127400/261603 (48.7%) | 命中: narrative:13867, co-op:3753, cozy:10133, emotional:19760
20:28:05 | INFO     | 批次完成 | 当前命中: narrative:13895, co-op:3763, cozy:10151, emotional:19795
20:28:05 | INFO     | 处理批次 256 / 524，app 数 500…
20:29:22 | INFO     | 进度: 127600/261603 (48.8%) | 命中: narrative:13895, co-op:3763, cozy:10151, emotional:19795
20:33:18 | INFO     | 进度: 127800/261603 (48.9%) | 命中: narrative:13895, co-op:3763, cozy:10151, emotional:19795
20:38:19 | INFO     | 进度: 128000/261603 (48.9%) | 命中: narrative:13895, co-op:3763, cozy:10151, emotional:19795
20:38:19 | INFO     | 批次完成 | 当前命中: narrative:13932, co-op:3771, cozy:10171, emotional:19843
20:38:19 | INFO     | 处理批次 257 / 524，app 数 500…
20:43:21 | INFO     | 进度: 128200/261603 (49.0%) | 命中: narrative:13932, co-op:3771, cozy:10171, emotional:19843
20:48:22 | INFO     | 进度: 128400/261603 (49.1%) | 命中: narrative:13932, co-op:3771, cozy:10171, emotional:19843
20:48:34 | INFO     | 批次完成 | 当前命中: narrative:13971, co-op:3787, cozy:10193, emotional:19899
20:48:34 | INFO     | 处理批次 258 / 524，app 数 500…
20:49:51 | INFO     | 进度: 128600/261603 (49.2%) | 命中: narrative:13971, co-op:3787, cozy:10193, emotional:19899
20:53:48 | INFO     | 进度: 128800/261603 (49.2%) | 命中: narrative:13971, co-op:3787, cozy:10193, emotional:19899
20:58:50 | INFO     | 进度: 129000/261603 (49.3%) | 命中: narrative:13971, co-op:3787, cozy:10193, emotional:19899
20:58:50 | INFO     | 批次完成 | 当前命中: narrative:13993, co-op:3798, cozy:10209, emotional:19934
20:58:50 | INFO     | 处理批次 259 / 524，app 数 500…
21:03:51 | INFO     | 进度: 129200/261603 (49.4%) | 命中: narrative:13993, co-op:3798, cozy:10209, emotional:19934
21:08:52 | INFO     | 进度: 129400/261603 (49.5%) | 命中: narrative:13993, co-op:3798, cozy:10209, emotional:19934
21:09:04 | INFO     | 批次完成 | 当前命中: narrative:14014, co-op:3809, cozy:10230, emotional:19968
21:09:04 | INFO     | 处理批次 260 / 524，app 数 500…
21:10:53 | INFO     | 进度: 129600/261603 (49.5%) | 命中: narrative:14014, co-op:3809, cozy:10230, emotional:19968
21:14:17 | INFO     | 进度: 129800/261603 (49.6%) | 命中: narrative:14014, co-op:3809, cozy:10230, emotional:19968
21:19:18 | INFO     | 进度: 130000/261603 (49.7%) | 命中: narrative:14014, co-op:3809, cozy:10230, emotional:19968
21:19:18 | INFO     | 批次完成 | 当前命中: narrative:14048, co-op:3819, cozy:10254, emotional:20015
21:19:18 | INFO     | 处理批次 261 / 524，app 数 500…
21:24:20 | INFO     | 进度: 130200/261603 (49.8%) | 命中: narrative:14048, co-op:3819, cozy:10254, emotional:20015
21:29:21 | INFO     | 进度: 130400/261603 (49.8%) | 命中: narrative:14048, co-op:3819, cozy:10254, emotional:20015
21:29:34 | INFO     | 批次完成 | 当前命中: narrative:14070, co-op:3826, cozy:10272, emotional:20048
21:29:34 | INFO     | 处理批次 262 / 524，app 数 500…
21:31:24 | INFO     | 进度: 130600/261603 (49.9%) | 命中: narrative:14070, co-op:3826, cozy:10272, emotional:20048
21:34:47 | INFO     | 进度: 130800/261603 (50.0%) | 命中: narrative:14070, co-op:3826, cozy:10272, emotional:20048
21:39:48 | INFO     | 进度: 131000/261603 (50.1%) | 命中: narrative:14070, co-op:3826, cozy:10272, emotional:20048
21:39:48 | INFO     | 批次完成 | 当前命中: narrative:14108, co-op:3842, cozy:10301, emotional:20101
21:39:48 | INFO     | 处理批次 263 / 524，app 数 500…
21:44:49 | INFO     | 进度: 131200/261603 (50.2%) | 命中: narrative:14108, co-op:3842, cozy:10301, emotional:20101
21:49:39 | INFO     | 进度: 131400/261603 (50.2%) | 命中: narrative:14108, co-op:3842, cozy:10301, emotional:20101
21:49:51 | INFO     | 批次完成 | 当前命中: narrative:14147, co-op:3855, cozy:10329, emotional:20158
21:49:51 | INFO     | 处理批次 264 / 524，app 数 500…
21:51:41 | INFO     | 进度: 131600/261603 (50.3%) | 命中: narrative:14147, co-op:3855, cozy:10329, emotional:20158
21:55:05 | INFO     | 进度: 131800/261603 (50.4%) | 命中: narrative:14147, co-op:3855, cozy:10329, emotional:20158
22:00:06 | INFO     | 进度: 132000/261603 (50.5%) | 命中: narrative:14147, co-op:3855, cozy:10329, emotional:20158
22:00:06 | INFO     | 批次完成 | 当前命中: narrative:14184, co-op:3862, cozy:10355, emotional:20205
22:00:06 | INFO     | 处理批次 265 / 524，app 数 500…
22:05:08 | INFO     | 进度: 132200/261603 (50.5%) | 命中: narrative:14184, co-op:3862, cozy:10355, emotional:20205
22:10:09 | INFO     | 进度: 132400/261603 (50.6%) | 命中: narrative:14184, co-op:3862, cozy:10355, emotional:20205
22:10:21 | INFO     | 批次完成 | 当前命中: narrative:14219, co-op:3874, cozy:10378, emotional:20253
22:10:21 | INFO     | 处理批次 266 / 524，app 数 500…
22:12:43 | INFO     | 进度: 132600/261603 (50.7%) | 命中: narrative:14219, co-op:3874, cozy:10378, emotional:20253
22:15:34 | INFO     | 进度: 132800/261603 (50.8%) | 命中: narrative:14219, co-op:3874, cozy:10378, emotional:20253
22:20:35 | INFO     | 进度: 133000/261603 (50.8%) | 命中: narrative:14219, co-op:3874, cozy:10378, emotional:20253
22:20:35 | INFO     | 批次完成 | 当前命中: narrative:14249, co-op:3886, cozy:10405, emotional:20303
22:20:35 | INFO     | 处理批次 267 / 524，app 数 500…
22:25:36 | INFO     | 进度: 133200/261603 (50.9%) | 命中: narrative:14249, co-op:3886, cozy:10405, emotional:20303
22:30:37 | INFO     | 进度: 133400/261603 (51.0%) | 命中: narrative:14249, co-op:3886, cozy:10405, emotional:20303
22:30:50 | INFO     | 批次完成 | 当前命中: narrative:14275, co-op:3895, cozy:10420, emotional:20336
22:30:50 | INFO     | 处理批次 268 / 524，app 数 500…
22:33:12 | INFO     | 进度: 133600/261603 (51.1%) | 命中: narrative:14275, co-op:3895, cozy:10420, emotional:20336
22:36:03 | INFO     | 进度: 133800/261603 (51.1%) | 命中: narrative:14275, co-op:3895, cozy:10420, emotional:20336
22:41:03 | INFO     | 进度: 134000/261603 (51.2%) | 命中: narrative:14275, co-op:3895, cozy:10420, emotional:20336
22:41:03 | INFO     | 批次完成 | 当前命中: narrative:14304, co-op:3903, cozy:10445, emotional:20383
22:41:03 | INFO     | 处理批次 269 / 524，app 数 500…
22:46:05 | INFO     | 进度: 134200/261603 (51.3%) | 命中: narrative:14304, co-op:3903, cozy:10445, emotional:20383
22:51:06 | INFO     | 进度: 134400/261603 (51.4%) | 命中: narrative:14304, co-op:3903, cozy:10445, emotional:20383
22:51:18 | INFO     | 批次完成 | 当前命中: narrative:14344, co-op:3913, cozy:10464, emotional:20432
22:51:18 | INFO     | 处理批次 270 / 524，app 数 500…
22:53:40 | INFO     | 进度: 134600/261603 (51.5%) | 命中: narrative:14344, co-op:3913, cozy:10464, emotional:20432
22:56:31 | INFO     | 进度: 134800/261603 (51.5%) | 命中: narrative:14344, co-op:3913, cozy:10464, emotional:20432
23:01:32 | INFO     | 进度: 135000/261603 (51.6%) | 命中: narrative:14344, co-op:3913, cozy:10464, emotional:20432
23:01:32 | INFO     | 批次完成 | 当前命中: narrative:14374, co-op:3925, cozy:10479, emotional:20470
23:01:32 | INFO     | 处理批次 271 / 524，app 数 500…
23:06:34 | INFO     | 进度: 135200/261603 (51.7%) | 命中: narrative:14374, co-op:3925, cozy:10479, emotional:20470
23:11:35 | INFO     | 进度: 135400/261603 (51.8%) | 命中: narrative:14374, co-op:3925, cozy:10479, emotional:20470
23:11:47 | INFO     | 批次完成 | 当前命中: narrative:14395, co-op:3933, cozy:10496, emotional:20502
23:11:47 | INFO     | 处理批次 272 / 524，app 数 500…
23:14:42 | INFO     | 进度: 135600/261603 (51.8%) | 命中: narrative:14395, co-op:3933, cozy:10496, emotional:20502
23:17:01 | INFO     | 进度: 135800/261603 (51.9%) | 命中: narrative:14395, co-op:3933, cozy:10496, emotional:20502
23:22:02 | INFO     | 进度: 136000/261603 (52.0%) | 命中: narrative:14395, co-op:3933, cozy:10496, emotional:20502
23:22:02 | INFO     | 批次完成 | 当前命中: narrative:14442, co-op:3943, cozy:10526, emotional:20564
23:22:02 | INFO     | 处理批次 273 / 524，app 数 500…
23:27:03 | INFO     | 进度: 136200/261603 (52.1%) | 命中: narrative:14442, co-op:3943, cozy:10526, emotional:20564
23:32:05 | INFO     | 进度: 136400/261603 (52.1%) | 命中: narrative:14442, co-op:3943, cozy:10526, emotional:20564
23:32:16 | INFO     | 批次完成 | 当前命中: narrative:14475, co-op:3956, cozy:10539, emotional:20610
23:32:16 | INFO     | 处理批次 274 / 524，app 数 500…
23:35:43 | INFO     | 进度: 136600/261603 (52.2%) | 命中: narrative:14475, co-op:3956, cozy:10539, emotional:20610
23:37:29 | INFO     | 进度: 136800/261603 (52.3%) | 命中: narrative:14475, co-op:3956, cozy:10539, emotional:20610
23:42:31 | INFO     | 进度: 137000/261603 (52.4%) | 命中: narrative:14475, co-op:3956, cozy:10539, emotional:20610
23:42:31 | INFO     | 批次完成 | 当前命中: narrative:14491, co-op:3963, cozy:10555, emotional:20636
23:42:31 | INFO     | 处理批次 275 / 524，app 数 500…
23:47:32 | INFO     | 进度: 137200/261603 (52.4%) | 命中: narrative:14491, co-op:3963, cozy:10555, emotional:20636
23:52:33 | INFO     | 进度: 137400/261603 (52.5%) | 命中: narrative:14491, co-op:3963, cozy:10555, emotional:20636
23:52:45 | INFO     | 批次完成 | 当前命中: narrative:14527, co-op:3975, cozy:10573, emotional:20683
23:52:45 | INFO     | 处理批次 276 / 524，app 数 500…
23:56:13 | INFO     | 进度: 137600/261603 (52.6%) | 命中: narrative:14527, co-op:3975, cozy:10573, emotional:20683
23:57:59 | INFO     | 进度: 137800/261603 (52.7%) | 命中: narrative:14527, co-op:3975, cozy:10573, emotional:20683
00:02:59 | INFO     | 进度: 138000/261603 (52.8%) | 命中: narrative:14527, co-op:3975, cozy:10573, emotional:20683
00:02:59 | INFO     | 批次完成 | 当前命中: narrative:14567, co-op:3985, cozy:10599, emotional:20741
00:02:59 | INFO     | 处理批次 277 / 524，app 数 500…
00:08:01 | INFO     | 进度: 138200/261603 (52.8%) | 命中: narrative:14567, co-op:3985, cozy:10599, emotional:20741
00:13:02 | INFO     | 进度: 138400/261603 (52.9%) | 命中: narrative:14567, co-op:3985, cozy:10599, emotional:20741
00:13:14 | INFO     | 批次完成 | 当前命中: narrative:14596, co-op:3990, cozy:10615, emotional:20776
00:13:14 | INFO     | 处理批次 278 / 524，app 数 500…
00:17:45 | INFO     | 进度: 138600/261603 (53.0%) | 命中: narrative:14596, co-op:3990, cozy:10615, emotional:20776
00:18:27 | INFO     | 进度: 138800/261603 (53.1%) | 命中: narrative:14596, co-op:3990, cozy:10615, emotional:20776
00:23:28 | INFO     | 进度: 139000/261603 (53.1%) | 命中: narrative:14596, co-op:3990, cozy:10615, emotional:20776
00:23:28 | INFO     | 批次完成 | 当前命中: narrative:14630, co-op:3999, cozy:10629, emotional:20825
00:23:28 | INFO     | 处理批次 279 / 524，app 数 500…
00:28:30 | INFO     | 进度: 139200/261603 (53.2%) | 命中: narrative:14630, co-op:3999, cozy:10629, emotional:20825
00:33:31 | INFO     | 进度: 139400/261603 (53.3%) | 命中: narrative:14630, co-op:3999, cozy:10629, emotional:20825
00:33:43 | INFO     | 批次完成 | 当前命中: narrative:14657, co-op:4007, cozy:10648, emotional:20864
00:33:43 | INFO     | 处理批次 280 / 524，app 数 500…
00:38:32 | INFO     | 进度: 139600/261603 (53.4%) | 命中: narrative:14657, co-op:4007, cozy:10648, emotional:20864
00:39:29 | INFO     | 进度: 139800/261603 (53.4%) | 命中: narrative:14657, co-op:4007, cozy:10648, emotional:20864
00:43:57 | INFO     | 进度: 140000/261603 (53.5%) | 命中: narrative:14657, co-op:4007, cozy:10648, emotional:20864
00:43:57 | INFO     | 批次完成 | 当前命中: narrative:14686, co-op:4014, cozy:10670, emotional:20903
00:43:57 | INFO     | 处理批次 281 / 524，app 数 500…
00:48:58 | INFO     | 进度: 140200/261603 (53.6%) | 命中: narrative:14686, co-op:4014, cozy:10670, emotional:20903
00:53:48 | INFO     | 进度: 140400/261603 (53.7%) | 命中: narrative:14686, co-op:4014, cozy:10670, emotional:20903
00:54:01 | INFO     | 批次完成 | 当前命中: narrative:14717, co-op:4028, cozy:10685, emotional:20942
00:54:01 | INFO     | 处理批次 282 / 524，app 数 500…
00:58:50 | INFO     | 进度: 140600/261603 (53.7%) | 命中: narrative:14717, co-op:4028, cozy:10685, emotional:20942
00:59:47 | INFO     | 进度: 140800/261603 (53.8%) | 命中: narrative:14717, co-op:4028, cozy:10685, emotional:20942
01:04:16 | INFO     | 进度: 141000/261603 (53.9%) | 命中: narrative:14717, co-op:4028, cozy:10685, emotional:20942
01:04:16 | INFO     | 批次完成 | 当前命中: narrative:14736, co-op:4035, cozy:10696, emotional:20972
01:04:16 | INFO     | 处理批次 283 / 524，app 数 500…
01:09:17 | INFO     | 进度: 141200/261603 (54.0%) | 命中: narrative:14736, co-op:4035, cozy:10696, emotional:20972
01:14:19 | INFO     | 进度: 141400/261603 (54.1%) | 命中: narrative:14736, co-op:4035, cozy:10696, emotional:20972
01:14:31 | INFO     | 批次完成 | 当前命中: narrative:14789, co-op:4055, cozy:10726, emotional:21041
01:14:31 | INFO     | 处理批次 284 / 524，app 数 500…
01:19:21 | INFO     | 进度: 141600/261603 (54.1%) | 命中: narrative:14789, co-op:4055, cozy:10726, emotional:21041
01:20:51 | INFO     | 进度: 141800/261603 (54.2%) | 命中: narrative:14789, co-op:4055, cozy:10726, emotional:21041
01:24:47 | INFO     | 进度: 142000/261603 (54.3%) | 命中: narrative:14789, co-op:4055, cozy:10726, emotional:21041
01:24:47 | INFO     | 批次完成 | 当前命中: narrative:14821, co-op:4063, cozy:10746, emotional:21081
01:24:47 | INFO     | 处理批次 285 / 524，app 数 500…
01:29:49 | INFO     | 进度: 142200/261603 (54.4%) | 命中: narrative:14821, co-op:4063, cozy:10746, emotional:21081
01:34:51 | INFO     | 进度: 142400/261603 (54.4%) | 命中: narrative:14821, co-op:4063, cozy:10746, emotional:21081
01:35:04 | INFO     | 批次完成 | 当前命中: narrative:14849, co-op:4070, cozy:10764, emotional:21118
01:35:04 | INFO     | 处理批次 286 / 524，app 数 500…
01:39:53 | INFO     | 进度: 142600/261603 (54.5%) | 命中: narrative:14849, co-op:4070, cozy:10764, emotional:21118
01:41:55 | INFO     | 进度: 142800/261603 (54.6%) | 命中: narrative:14849, co-op:4070, cozy:10764, emotional:21118
01:45:19 | INFO     | 进度: 143000/261603 (54.7%) | 命中: narrative:14849, co-op:4070, cozy:10764, emotional:21118
01:45:19 | INFO     | 批次完成 | 当前命中: narrative:14869, co-op:4076, cozy:10773, emotional:21141
01:45:19 | INFO     | 处理批次 287 / 524，app 数 500…
01:50:21 | INFO     | 进度: 143200/261603 (54.7%) | 命中: narrative:14869, co-op:4076, cozy:10773, emotional:21141
01:55:23 | INFO     | 进度: 143400/261603 (54.8%) | 命中: narrative:14869, co-op:4076, cozy:10773, emotional:21141
01:55:35 | INFO     | 批次完成 | 当前命中: narrative:14897, co-op:4083, cozy:10785, emotional:21174
01:55:35 | INFO     | 处理批次 288 / 524，app 数 500…
02:00:24 | INFO     | 进度: 143600/261603 (54.9%) | 命中: narrative:14897, co-op:4083, cozy:10785, emotional:21174
02:03:32 | INFO     | 进度: 143800/261603 (55.0%) | 命中: narrative:14897, co-op:4083, cozy:10785, emotional:21174
02:05:51 | INFO     | 进度: 144000/261603 (55.0%) | 命中: narrative:14897, co-op:4083, cozy:10785, emotional:21174
02:05:51 | INFO     | 批次完成 | 当前命中: narrative:14925, co-op:4095, cozy:10795, emotional:21210
02:05:51 | INFO     | 处理批次 289 / 524，app 数 500…
02:10:52 | INFO     | 进度: 144200/261603 (55.1%) | 命中: narrative:14925, co-op:4095, cozy:10795, emotional:21210
02:15:53 | INFO     | 进度: 144400/261603 (55.2%) | 命中: narrative:14925, co-op:4095, cozy:10795, emotional:21210
02:16:05 | INFO     | 批次完成 | 当前命中: narrative:14958, co-op:4107, cozy:10817, emotional:21258
02:16:05 | INFO     | 处理批次 290 / 524，app 数 500…
02:20:54 | INFO     | 进度: 144600/261603 (55.3%) | 命中: narrative:14958, co-op:4107, cozy:10817, emotional:21258
02:24:33 | INFO     | 进度: 144800/261603 (55.4%) | 命中: narrative:14958, co-op:4107, cozy:10817, emotional:21258
02:26:20 | INFO     | 进度: 145000/261603 (55.4%) | 命中: narrative:14958, co-op:4107, cozy:10817, emotional:21258
02:26:20 | INFO     | 批次完成 | 当前命中: narrative:14977, co-op:4111, cozy:10830, emotional:21288
02:26:20 | INFO     | 处理批次 291 / 524，app 数 500…
02:31:21 | INFO     | 进度: 145200/261603 (55.5%) | 命中: narrative:14977, co-op:4111, cozy:10830, emotional:21288
02:36:22 | INFO     | 进度: 145400/261603 (55.6%) | 命中: narrative:14977, co-op:4111, cozy:10830, emotional:21288
02:36:34 | INFO     | 批次完成 | 当前命中: narrative:15011, co-op:4119, cozy:10849, emotional:21329
02:36:34 | INFO     | 处理批次 292 / 524，app 数 500…
02:41:23 | INFO     | 进度: 145600/261603 (55.7%) | 命中: narrative:15011, co-op:4119, cozy:10849, emotional:21329
02:45:34 | INFO     | 进度: 145800/261603 (55.7%) | 命中: narrative:15011, co-op:4119, cozy:10849, emotional:21329
02:46:48 | INFO     | 进度: 146000/261603 (55.8%) | 命中: narrative:15011, co-op:4119, cozy:10849, emotional:21329
02:46:48 | INFO     | 批次完成 | 当前命中: narrative:15037, co-op:4122, cozy:10868, emotional:21363
02:46:48 | INFO     | 处理批次 293 / 524，app 数 500…
02:51:49 | INFO     | 进度: 146200/261603 (55.9%) | 命中: narrative:15037, co-op:4122, cozy:10868, emotional:21363
02:56:50 | INFO     | 进度: 146400/261603 (56.0%) | 命中: narrative:15037, co-op:4122, cozy:10868, emotional:21363
02:57:02 | INFO     | 批次完成 | 当前命中: narrative:15064, co-op:4130, cozy:10888, emotional:21400
02:57:02 | INFO     | 处理批次 294 / 524，app 数 500…
03:01:52 | INFO     | 进度: 146600/261603 (56.0%) | 命中: narrative:15064, co-op:4130, cozy:10888, emotional:21400
03:06:35 | INFO     | 进度: 146800/261603 (56.1%) | 命中: narrative:15064, co-op:4130, cozy:10888, emotional:21400
03:07:17 | INFO     | 进度: 147000/261603 (56.2%) | 命中: narrative:15064, co-op:4130, cozy:10888, emotional:21400
03:07:17 | INFO     | 批次完成 | 当前命中: narrative:15092, co-op:4138, cozy:10908, emotional:21442
03:07:17 | INFO     | 处理批次 295 / 524，app 数 500…
03:12:18 | INFO     | 进度: 147200/261603 (56.3%) | 命中: narrative:15092, co-op:4138, cozy:10908, emotional:21442
03:17:19 | INFO     | 进度: 147400/261603 (56.3%) | 命中: narrative:15092, co-op:4138, cozy:10908, emotional:21442
03:17:31 | INFO     | 批次完成 | 当前命中: narrative:15121, co-op:4145, cozy:10928, emotional:21480
03:17:31 | INFO     | 处理批次 296 / 524，app 数 500…
03:22:20 | INFO     | 进度: 147600/261603 (56.4%) | 命中: narrative:15121, co-op:4145, cozy:10928, emotional:21480
03:27:21 | INFO     | 进度: 147800/261603 (56.5%) | 命中: narrative:15121, co-op:4145, cozy:10928, emotional:21480
03:28:17 | INFO     | 进度: 148000/261603 (56.6%) | 命中: narrative:15121, co-op:4145, cozy:10928, emotional:21480
03:28:17 | INFO     | 批次完成 | 当前命中: narrative:15152, co-op:4154, cozy:10946, emotional:21517
03:28:17 | INFO     | 处理批次 297 / 524，app 数 500…
03:32:46 | INFO     | 进度: 148200/261603 (56.7%) | 命中: narrative:15152, co-op:4154, cozy:10946, emotional:21517
03:37:47 | INFO     | 进度: 148400/261603 (56.7%) | 命中: narrative:15152, co-op:4154, cozy:10946, emotional:21517
03:39:03 | INFO     | 批次完成 | 当前命中: narrative:15156, co-op:4155, cozy:10948, emotional:21522
03:39:03 | INFO     | 处理批次 298 / 524，app 数 500…
03:42:48 | INFO     | 进度: 148600/261603 (56.8%) | 命中: narrative:15156, co-op:4155, cozy:10948, emotional:21522
03:47:48 | INFO     | 进度: 148800/261603 (56.9%) | 命中: narrative:15156, co-op:4155, cozy:10948, emotional:21522
03:49:49 | INFO     | 进度: 149000/261603 (57.0%) | 命中: narrative:15156, co-op:4155, cozy:10948, emotional:21522
03:49:49 | INFO     | 批次完成 | 当前命中: narrative:15182, co-op:4159, cozy:10958, emotional:21553
03:49:49 | INFO     | 处理批次 299 / 524，app 数 500…
03:53:13 | INFO     | 进度: 149200/261603 (57.0%) | 命中: narrative:15182, co-op:4159, cozy:10958, emotional:21553
03:58:14 | INFO     | 进度: 149400/261603 (57.1%) | 命中: narrative:15182, co-op:4159, cozy:10958, emotional:21553
04:00:36 | INFO     | 批次完成 | 当前命中: narrative:15210, co-op:4169, cozy:10971, emotional:21591
04:00:36 | INFO     | 处理批次 300 / 524，app 数 500…
04:03:16 | INFO     | 进度: 149600/261603 (57.2%) | 命中: narrative:15210, co-op:4169, cozy:10971, emotional:21591
04:08:18 | INFO     | 进度: 149800/261603 (57.3%) | 命中: narrative:15210, co-op:4169, cozy:10971, emotional:21591
04:10:51 | INFO     | 进度: 150000/261603 (57.3%) | 命中: narrative:15210, co-op:4169, cozy:10971, emotional:21591
04:10:51 | INFO     | 批次完成 | 当前命中: narrative:15232, co-op:4175, cozy:10987, emotional:21622
04:10:51 | INFO     | 处理批次 301 / 524，app 数 500…
04:13:43 | INFO     | 进度: 150200/261603 (57.4%) | 命中: narrative:15232, co-op:4175, cozy:10987, emotional:21622
04:18:43 | INFO     | 进度: 150400/261603 (57.5%) | 命中: narrative:15232, co-op:4175, cozy:10987, emotional:21622
04:21:38 | INFO     | 批次完成 | 当前命中: narrative:15261, co-op:4186, cozy:11006, emotional:21663
04:21:38 | INFO     | 处理批次 302 / 524，app 数 500…
04:23:45 | INFO     | 进度: 150600/261603 (57.6%) | 命中: narrative:15261, co-op:4186, cozy:11006, emotional:21663
04:28:45 | INFO     | 进度: 150800/261603 (57.6%) | 命中: narrative:15261, co-op:4186, cozy:11006, emotional:21663
04:32:24 | INFO     | 进度: 151000/261603 (57.7%) | 命中: narrative:15261, co-op:4186, cozy:11006, emotional:21663
04:32:24 | INFO     | 批次完成 | 当前命中: narrative:15294, co-op:4195, cozy:11026, emotional:21709
04:32:24 | INFO     | 处理批次 303 / 524，app 数 500…
04:34:11 | INFO     | 进度: 151200/261603 (57.8%) | 命中: narrative:15294, co-op:4195, cozy:11026, emotional:21709
04:39:11 | INFO     | 进度: 151400/261603 (57.9%) | 命中: narrative:15294, co-op:4195, cozy:11026, emotional:21709
04:43:10 | INFO     | 批次完成 | 当前命中: narrative:15321, co-op:4202, cozy:11043, emotional:21745
04:43:10 | INFO     | 处理批次 304 / 524，app 数 500…
04:44:12 | INFO     | 进度: 151600/261603 (58.0%) | 命中: narrative:15321, co-op:4202, cozy:11043, emotional:21745
04:49:12 | INFO     | 进度: 151800/261603 (58.0%) | 命中: narrative:15321, co-op:4202, cozy:11043, emotional:21745
04:53:56 | INFO     | 进度: 152000/261603 (58.1%) | 命中: narrative:15321, co-op:4202, cozy:11043, emotional:21745
04:53:56 | INFO     | 批次完成 | 当前命中: narrative:15349, co-op:4211, cozy:11059, emotional:21780
04:53:56 | INFO     | 处理批次 305 / 524，app 数 500…
04:54:37 | INFO     | 进度: 152200/261603 (58.2%) | 命中: narrative:15349, co-op:4211, cozy:11059, emotional:21780
04:59:38 | INFO     | 进度: 152400/261603 (58.3%) | 命中: narrative:15349, co-op:4211, cozy:11059, emotional:21780
05:04:27 | INFO     | 批次完成 | 当前命中: narrative:15378, co-op:4218, cozy:11077, emotional:21816
05:04:27 | INFO     | 处理批次 306 / 524，app 数 500…
05:04:39 | INFO     | 进度: 152600/261603 (58.3%) | 命中: narrative:15378, co-op:4218, cozy:11077, emotional:21816
05:09:40 | INFO     | 进度: 152800/261603 (58.4%) | 命中: narrative:15378, co-op:4218, cozy:11077, emotional:21816
05:14:41 | INFO     | 进度: 153000/261603 (58.5%) | 命中: narrative:15378, co-op:4218, cozy:11077, emotional:21816
05:14:41 | INFO     | 批次完成 | 当前命中: narrative:15406, co-op:4227, cozy:11092, emotional:21851
05:14:41 | INFO     | 处理批次 307 / 524，app 数 500…
05:15:38 | INFO     | 进度: 153200/261603 (58.6%) | 命中: narrative:15406, co-op:4227, cozy:11092, emotional:21851
05:20:07 | INFO     | 进度: 153400/261603 (58.6%) | 命中: narrative:15406, co-op:4227, cozy:11092, emotional:21851
05:24:57 | INFO     | 批次完成 | 当前命中: narrative:15428, co-op:4234, cozy:11104, emotional:21880
05:24:57 | INFO     | 处理批次 308 / 524，app 数 500…
05:25:09 | INFO     | 进度: 153600/261603 (58.7%) | 命中: narrative:15428, co-op:4234, cozy:11104, emotional:21880
05:30:10 | INFO     | 进度: 153800/261603 (58.8%) | 命中: narrative:15428, co-op:4234, cozy:11104, emotional:21880
05:35:12 | INFO     | 进度: 154000/261603 (58.9%) | 命中: narrative:15428, co-op:4234, cozy:11104, emotional:21880
05:35:12 | INFO     | 批次完成 | 当前命中: narrative:15457, co-op:4241, cozy:11121, emotional:21917
05:35:12 | INFO     | 处理批次 309 / 524，app 数 500…
05:37:14 | INFO     | 进度: 154200/261603 (58.9%) | 命中: narrative:15457, co-op:4241, cozy:11121, emotional:21917
05:40:38 | INFO     | 进度: 154400/261603 (59.0%) | 命中: narrative:15457, co-op:4241, cozy:11121, emotional:21917
05:45:28 | INFO     | 批次完成 | 当前命中: narrative:15497, co-op:4249, cozy:11141, emotional:21966
05:45:28 | INFO     | 处理批次 310 / 524，app 数 500…
05:45:40 | INFO     | 进度: 154600/261603 (59.1%) | 命中: narrative:15497, co-op:4249, cozy:11141, emotional:21966
05:50:41 | INFO     | 进度: 154800/261603 (59.2%) | 命中: narrative:15497, co-op:4249, cozy:11141, emotional:21966
05:55:43 | INFO     | 进度: 155000/261603 (59.3%) | 命中: narrative:15497, co-op:4249, cozy:11141, emotional:21966
05:55:43 | INFO     | 批次完成 | 当前命中: narrative:15519, co-op:4254, cozy:11157, emotional:21995
05:55:43 | INFO     | 处理批次 311 / 524，app 数 500…
05:57:45 | INFO     | 进度: 155200/261603 (59.3%) | 命中: narrative:15519, co-op:4254, cozy:11157, emotional:21995
06:01:09 | INFO     | 进度: 155400/261603 (59.4%) | 命中: narrative:15519, co-op:4254, cozy:11157, emotional:21995
06:05:58 | INFO     | 批次完成 | 当前命中: narrative:15563, co-op:4269, cozy:11182, emotional:22048
06:05:58 | INFO     | 处理批次 312 / 524，app 数 500…
06:06:10 | INFO     | 进度: 155600/261603 (59.5%) | 命中: narrative:15563, co-op:4269, cozy:11182, emotional:22048
06:11:12 | INFO     | 进度: 155800/261603 (59.6%) | 命中: narrative:15563, co-op:4269, cozy:11182, emotional:22048
06:16:14 | INFO     | 进度: 156000/261603 (59.6%) | 命中: narrative:15563, co-op:4269, cozy:11182, emotional:22048
06:16:14 | INFO     | 批次完成 | 当前命中: narrative:15586, co-op:4279, cozy:11196, emotional:22076
06:16:14 | INFO     | 处理批次 313 / 524，app 数 500…
06:18:48 | INFO     | 进度: 156200/261603 (59.7%) | 命中: narrative:15586, co-op:4279, cozy:11196, emotional:22076
06:21:40 | INFO     | 进度: 156400/261603 (59.8%) | 命中: narrative:15586, co-op:4279, cozy:11196, emotional:22076
06:26:29 | INFO     | 批次完成 | 当前命中: narrative:15615, co-op:4290, cozy:11221, emotional:22113
06:26:29 | INFO     | 处理批次 314 / 524，app 数 500…
06:26:42 | INFO     | 进度: 156600/261603 (59.9%) | 命中: narrative:15615, co-op:4290, cozy:11221, emotional:22113
06:31:43 | INFO     | 进度: 156800/261603 (59.9%) | 命中: narrative:15615, co-op:4290, cozy:11221, emotional:22113
06:36:45 | INFO     | 进度: 157000/261603 (60.0%) | 命中: narrative:15615, co-op:4290, cozy:11221, emotional:22113
06:36:45 | INFO     | 批次完成 | 当前命中: narrative:15649, co-op:4299, cozy:11244, emotional:22159
06:36:45 | INFO     | 处理批次 315 / 524，app 数 500…
06:39:51 | INFO     | 进度: 157200/261603 (60.1%) | 命中: narrative:15649, co-op:4299, cozy:11244, emotional:22159
06:42:10 | INFO     | 进度: 157400/261603 (60.2%) | 命中: narrative:15649, co-op:4299, cozy:11244, emotional:22159
06:46:59 | INFO     | 批次完成 | 当前命中: narrative:15690, co-op:4310, cozy:11268, emotional:22209
06:46:59 | INFO     | 处理批次 316 / 524，app 数 500…
06:47:11 | INFO     | 进度: 157600/261603 (60.2%) | 命中: narrative:15690, co-op:4310, cozy:11268, emotional:22209
06:52:11 | INFO     | 进度: 157800/261603 (60.3%) | 命中: narrative:15690, co-op:4310, cozy:11268, emotional:22209
06:57:12 | INFO     | 进度: 158000/261603 (60.4%) | 命中: narrative:15690, co-op:4310, cozy:11268, emotional:22209
06:57:12 | INFO     | 批次完成 | 当前命中: narrative:15723, co-op:4318, cozy:11284, emotional:22249
06:57:12 | INFO     | 处理批次 317 / 524，app 数 500…
07:00:51 | INFO     | 进度: 158200/261603 (60.5%) | 命中: narrative:15723, co-op:4318, cozy:11284, emotional:22249
07:02:37 | INFO     | 进度: 158400/261603 (60.5%) | 命中: narrative:15723, co-op:4318, cozy:11284, emotional:22249
07:07:26 | INFO     | 批次完成 | 当前命中: narrative:15746, co-op:4325, cozy:11297, emotional:22281
07:07:26 | INFO     | 处理批次 318 / 524，app 数 500…
07:07:38 | INFO     | 进度: 158600/261603 (60.6%) | 命中: narrative:15746, co-op:4325, cozy:11297, emotional:22281
07:12:39 | INFO     | 进度: 158800/261603 (60.7%) | 命中: narrative:15746, co-op:4325, cozy:11297, emotional:22281
07:17:40 | INFO     | 进度: 159000/261603 (60.8%) | 命中: narrative:15746, co-op:4325, cozy:11297, emotional:22281
07:17:40 | INFO     | 批次完成 | 当前命中: narrative:15776, co-op:4333, cozy:11314, emotional:22320
07:17:40 | INFO     | 处理批次 319 / 524，app 数 500…
07:21:52 | INFO     | 进度: 159200/261603 (60.9%) | 命中: narrative:15776, co-op:4333, cozy:11314, emotional:22320
07:23:06 | INFO     | 进度: 159400/261603 (60.9%) | 命中: narrative:15776, co-op:4333, cozy:11314, emotional:22320
07:27:55 | INFO     | 批次完成 | 当前命中: narrative:15804, co-op:4340, cozy:11330, emotional:22357
07:27:55 | INFO     | 处理批次 320 / 524，app 数 500…
07:28:07 | INFO     | 进度: 159600/261603 (61.0%) | 命中: narrative:15804, co-op:4340, cozy:11330, emotional:22357
07:33:08 | INFO     | 进度: 159800/261603 (61.1%) | 命中: narrative:15804, co-op:4340, cozy:11330, emotional:22357
07:38:09 | INFO     | 进度: 160000/261603 (61.2%) | 命中: narrative:15804, co-op:4340, cozy:11330, emotional:22357
07:38:09 | INFO     | 批次完成 | 当前命中: narrative:15827, co-op:4348, cozy:11343, emotional:22393
07:38:09 | INFO     | 处理批次 321 / 524，app 数 500…
07:42:52 | INFO     | 进度: 160200/261603 (61.2%) | 命中: narrative:15827, co-op:4348, cozy:11343, emotional:22393
07:43:34 | INFO     | 进度: 160400/261603 (61.3%) | 命中: narrative:15827, co-op:4348, cozy:11343, emotional:22393
07:48:22 | INFO     | 批次完成 | 当前命中: narrative:15867, co-op:4366, cozy:11366, emotional:22446
07:48:22 | INFO     | 处理批次 322 / 524，app 数 500…
07:48:35 | INFO     | 进度: 160600/261603 (61.4%) | 命中: narrative:15867, co-op:4366, cozy:11366, emotional:22446
07:53:36 | INFO     | 进度: 160800/261603 (61.5%) | 命中: narrative:15867, co-op:4366, cozy:11366, emotional:22446
07:58:36 | INFO     | 进度: 161000/261603 (61.5%) | 命中: narrative:15867, co-op:4366, cozy:11366, emotional:22446
07:58:36 | INFO     | 批次完成 | 当前命中: narrative:15892, co-op:4374, cozy:11386, emotional:22479
07:58:36 | INFO     | 处理批次 323 / 524，app 数 500…
08:03:38 | INFO     | 进度: 161200/261603 (61.6%) | 命中: narrative:15892, co-op:4374, cozy:11386, emotional:22479
08:04:34 | INFO     | 进度: 161400/261603 (61.7%) | 命中: narrative:15892, co-op:4374, cozy:11386, emotional:22479
08:08:50 | INFO     | 批次完成 | 当前命中: narrative:15917, co-op:4379, cozy:11403, emotional:22514
08:08:50 | INFO     | 处理批次 324 / 524，app 数 500…
08:09:03 | INFO     | 进度: 161600/261603 (61.8%) | 命中: narrative:15917, co-op:4379, cozy:11403, emotional:22514
08:14:04 | INFO     | 进度: 161800/261603 (61.8%) | 命中: narrative:15917, co-op:4379, cozy:11403, emotional:22514
08:19:04 | INFO     | 进度: 162000/261603 (61.9%) | 命中: narrative:15917, co-op:4379, cozy:11403, emotional:22514
08:19:04 | INFO     | 批次完成 | 当前命中: narrative:15941, co-op:4389, cozy:11423, emotional:22551
08:19:04 | INFO     | 处理批次 325 / 524，app 数 500…
08:24:06 | INFO     | 进度: 162200/261603 (62.0%) | 命中: narrative:15941, co-op:4389, cozy:11423, emotional:22551
08:25:34 | INFO     | 进度: 162400/261603 (62.1%) | 命中: narrative:15941, co-op:4389, cozy:11423, emotional:22551
08:29:19 | INFO     | 批次完成 | 当前命中: narrative:15972, co-op:4399, cozy:11445, emotional:22594
08:29:19 | INFO     | 处理批次 326 / 524，app 数 500…
08:29:32 | INFO     | 进度: 162600/261603 (62.2%) | 命中: narrative:15972, co-op:4399, cozy:11445, emotional:22594
08:34:32 | INFO     | 进度: 162800/261603 (62.2%) | 命中: narrative:15972, co-op:4399, cozy:11445, emotional:22594
08:39:34 | INFO     | 进度: 163000/261603 (62.3%) | 命中: narrative:15972, co-op:4399, cozy:11445, emotional:22594
08:39:34 | INFO     | 批次完成 | 当前命中: narrative:15996, co-op:4405, cozy:11464, emotional:22627
08:39:34 | INFO     | 处理批次 327 / 524，app 数 500…
08:44:35 | INFO     | 进度: 163200/261603 (62.4%) | 命中: narrative:15996, co-op:4405, cozy:11464, emotional:22627
08:46:37 | INFO     | 进度: 163400/261603 (62.5%) | 命中: narrative:15996, co-op:4405, cozy:11464, emotional:22627
08:49:49 | INFO     | 批次完成 | 当前命中: narrative:16028, co-op:4418, cozy:11489, emotional:22672
08:49:49 | INFO     | 处理批次 328 / 524，app 数 500…
08:50:01 | INFO     | 进度: 163600/261603 (62.5%) | 命中: narrative:16028, co-op:4418, cozy:11489, emotional:22672
08:55:02 | INFO     | 进度: 163800/261603 (62.6%) | 命中: narrative:16028, co-op:4418, cozy:11489, emotional:22672
09:00:03 | INFO     | 进度: 164000/261603 (62.7%) | 命中: narrative:16028, co-op:4418, cozy:11489, emotional:22672
09:00:03 | INFO     | 批次完成 | 当前命中: narrative:16053, co-op:4433, cozy:11519, emotional:22713
09:00:03 | INFO     | 处理批次 329 / 524，app 数 500…
09:05:05 | INFO     | 进度: 164200/261603 (62.8%) | 命中: narrative:16053, co-op:4433, cozy:11519, emotional:22713
09:07:38 | INFO     | 进度: 164400/261603 (62.8%) | 命中: narrative:16053, co-op:4433, cozy:11519, emotional:22713
09:10:18 | INFO     | 批次完成 | 当前命中: narrative:16079, co-op:4441, cozy:11532, emotional:22747
09:10:18 | INFO     | 处理批次 330 / 524，app 数 500…
09:10:30 | INFO     | 进度: 164600/261603 (62.9%) | 命中: narrative:16079, co-op:4441, cozy:11532, emotional:22747
09:15:31 | INFO     | 进度: 164800/261603 (63.0%) | 命中: narrative:16079, co-op:4441, cozy:11532, emotional:22747
09:20:31 | INFO     | 进度: 165000/261603 (63.1%) | 命中: narrative:16079, co-op:4441, cozy:11532, emotional:22747
09:20:32 | INFO     | 批次完成 | 当前命中: narrative:16118, co-op:4451, cozy:11556, emotional:22802
09:20:32 | INFO     | 处理批次 331 / 524，app 数 500…
09:25:33 | INFO     | 进度: 165200/261603 (63.1%) | 命中: narrative:16118, co-op:4451, cozy:11556, emotional:22802
09:28:07 | INFO     | 进度: 165400/261603 (63.2%) | 命中: narrative:16118, co-op:4451, cozy:11556, emotional:22802
09:30:46 | INFO     | 批次完成 | 当前命中: narrative:16143, co-op:4457, cozy:11575, emotional:22843
09:30:46 | INFO     | 处理批次 332 / 524，app 数 500…
09:30:59 | INFO     | 进度: 165600/261603 (63.3%) | 命中: narrative:16143, co-op:4457, cozy:11575, emotional:22843
09:36:00 | INFO     | 进度: 165800/261603 (63.4%) | 命中: narrative:16143, co-op:4457, cozy:11575, emotional:22843
09:41:02 | INFO     | 进度: 166000/261603 (63.5%) | 命中: narrative:16143, co-op:4457, cozy:11575, emotional:22843
09:41:02 | INFO     | 批次完成 | 当前命中: narrative:16168, co-op:4467, cozy:11593, emotional:22876
09:41:02 | INFO     | 处理批次 333 / 524，app 数 500…
09:46:03 | INFO     | 进度: 166200/261603 (63.5%) | 命中: narrative:16168, co-op:4467, cozy:11593, emotional:22876
09:49:10 | INFO     | 进度: 166400/261603 (63.6%) | 命中: narrative:16168, co-op:4467, cozy:11593, emotional:22876
09:51:17 | INFO     | 批次完成 | 当前命中: narrative:16202, co-op:4475, cozy:11613, emotional:22919
09:51:17 | INFO     | 处理批次 334 / 524，app 数 500…
09:51:29 | INFO     | 进度: 166600/261603 (63.7%) | 命中: narrative:16202, co-op:4475, cozy:11613, emotional:22919
09:56:30 | INFO     | 进度: 166800/261603 (63.8%) | 命中: narrative:16202, co-op:4475, cozy:11613, emotional:22919
10:01:32 | INFO     | 进度: 167000/261603 (63.8%) | 命中: narrative:16202, co-op:4475, cozy:11613, emotional:22919
10:01:32 | INFO     | 批次完成 | 当前命中: narrative:16230, co-op:4488, cozy:11625, emotional:22950
10:01:32 | INFO     | 处理批次 335 / 524，app 数 500…
10:06:33 | INFO     | 进度: 167200/261603 (63.9%) | 命中: narrative:16230, co-op:4488, cozy:11625, emotional:22950
10:10:12 | INFO     | 进度: 167400/261603 (64.0%) | 命中: narrative:16230, co-op:4488, cozy:11625, emotional:22950
10:11:47 | INFO     | 批次完成 | 当前命中: narrative:16251, co-op:4495, cozy:11639, emotional:22977
10:11:47 | INFO     | 处理批次 336 / 524，app 数 500…
10:11:59 | INFO     | 进度: 167600/261603 (64.1%) | 命中: narrative:16251, co-op:4495, cozy:11639, emotional:22977
10:17:00 | INFO     | 进度: 167800/261603 (64.1%) | 命中: narrative:16251, co-op:4495, cozy:11639, emotional:22977
10:22:02 | INFO     | 进度: 168000/261603 (64.2%) | 命中: narrative:16251, co-op:4495, cozy:11639, emotional:22977
10:22:02 | INFO     | 批次完成 | 当前命中: narrative:16279, co-op:4501, cozy:11655, emotional:23005
10:22:02 | INFO     | 处理批次 337 / 524，app 数 500…
10:27:03 | INFO     | 进度: 168200/261603 (64.3%) | 命中: narrative:16279, co-op:4501, cozy:11655, emotional:23005
10:31:14 | INFO     | 进度: 168400/261603 (64.4%) | 命中: narrative:16279, co-op:4501, cozy:11655, emotional:23005
10:32:16 | INFO     | 批次完成 | 当前命中: narrative:16295, co-op:4506, cozy:11664, emotional:23022
10:32:16 | INFO     | 处理批次 338 / 524，app 数 500…
10:32:28 | INFO     | 进度: 168600/261603 (64.4%) | 命中: narrative:16295, co-op:4506, cozy:11664, emotional:23022
10:37:29 | INFO     | 进度: 168800/261603 (64.5%) | 命中: narrative:16295, co-op:4506, cozy:11664, emotional:23022
10:42:30 | INFO     | 进度: 169000/261603 (64.6%) | 命中: narrative:16295, co-op:4506, cozy:11664, emotional:23022
10:42:30 | INFO     | 批次完成 | 当前命中: narrative:16318, co-op:4515, cozy:11686, emotional:23059
10:42:30 | INFO     | 处理批次 339 / 524，app 数 500…
10:47:31 | INFO     | 进度: 169200/261603 (64.7%) | 命中: narrative:16318, co-op:4515, cozy:11686, emotional:23059
10:52:14 | INFO     | 进度: 169400/261603 (64.8%) | 命中: narrative:16318, co-op:4515, cozy:11686, emotional:23059
10:52:44 | INFO     | 批次完成 | 当前命中: narrative:16338, co-op:4525, cozy:11703, emotional:23093
10:52:44 | INFO     | 处理批次 340 / 524，app 数 500…
10:52:56 | INFO     | 进度: 169600/261603 (64.8%) | 命中: narrative:16338, co-op:4525, cozy:11703, emotional:23093
10:57:57 | INFO     | 进度: 169800/261603 (64.9%) | 命中: narrative:16338, co-op:4525, cozy:11703, emotional:23093
11:02:57 | INFO     | 进度: 170000/261603 (65.0%) | 命中: narrative:16338, co-op:4525, cozy:11703, emotional:23093
11:02:57 | INFO     | 批次完成 | 当前命中: narrative:16364, co-op:4537, cozy:11722, emotional:23123
11:02:57 | INFO     | 处理批次 341 / 524，app 数 500…
11:07:59 | INFO     | 进度: 170200/261603 (65.1%) | 命中: narrative:16364, co-op:4537, cozy:11722, emotional:23123
11:13:00 | INFO     | 进度: 170400/261603 (65.1%) | 命中: narrative:16364, co-op:4537, cozy:11722, emotional:23123
11:13:12 | INFO     | 批次完成 | 当前命中: narrative:16391, co-op:4544, cozy:11734, emotional:23159
11:13:12 | INFO     | 处理批次 342 / 524，app 数 500…
11:13:57 | INFO     | 进度: 170600/261603 (65.2%) | 命中: narrative:16391, co-op:4544, cozy:11734, emotional:23159
11:18:25 | INFO     | 进度: 170800/261603 (65.3%) | 命中: narrative:16391, co-op:4544, cozy:11734, emotional:23159
11:23:25 | INFO     | 进度: 171000/261603 (65.4%) | 命中: narrative:16391, co-op:4544, cozy:11734, emotional:23159
11:23:25 | INFO     | 批次完成 | 当前命中: narrative:16415, co-op:4551, cozy:11753, emotional:23187
11:23:25 | INFO     | 处理批次 343 / 524，app 数 500…
11:28:15 | INFO     | 进度: 171200/261603 (65.4%) | 命中: narrative:16415, co-op:4551, cozy:11753, emotional:23187
11:33:16 | INFO     | 进度: 171400/261603 (65.5%) | 命中: narrative:16415, co-op:4551, cozy:11753, emotional:23187
11:33:28 | INFO     | 批次完成 | 当前命中: narrative:16436, co-op:4561, cozy:11763, emotional:23215
11:33:28 | INFO     | 处理批次 344 / 524，app 数 500…
11:34:13 | INFO     | 进度: 171600/261603 (65.6%) | 命中: narrative:16436, co-op:4561, cozy:11763, emotional:23215
11:38:41 | INFO     | 进度: 171800/261603 (65.7%) | 命中: narrative:16436, co-op:4561, cozy:11763, emotional:23215
11:43:42 | INFO     | 进度: 172000/261603 (65.7%) | 命中: narrative:16436, co-op:4561, cozy:11763, emotional:23215
11:43:42 | INFO     | 批次完成 | 当前命中: narrative:16461, co-op:4567, cozy:11781, emotional:23249
11:43:42 | INFO     | 处理批次 345 / 524，app 数 500…
11:48:42 | INFO     | 进度: 172200/261603 (65.8%) | 命中: narrative:16461, co-op:4567, cozy:11781, emotional:23249
11:53:34 | INFO     | 进度: 172400/261603 (65.9%) | 命中: narrative:16461, co-op:4567, cozy:11781, emotional:23249
11:53:52 | INFO     | 批次完成 | 当前命中: narrative:16479, co-op:4574, cozy:11796, emotional:23278
11:53:52 | INFO     | 处理批次 346 / 524，app 数 500…
11:55:09 | INFO     | 进度: 172600/261603 (66.0%) | 命中: narrative:16479, co-op:4574, cozy:11796, emotional:23278
11:58:54 | INFO     | 进度: 172800/261603 (66.1%) | 命中: narrative:16479, co-op:4574, cozy:11796, emotional:23278
12:03:55 | INFO     | 进度: 173000/261603 (66.1%) | 命中: narrative:16479, co-op:4574, cozy:11796, emotional:23278
12:03:55 | INFO     | 批次完成 | 当前命中: narrative:16508, co-op:4580, cozy:11809, emotional:23311
12:03:55 | INFO     | 处理批次 347 / 524，app 数 500…
12:08:56 | INFO     | 进度: 173200/261603 (66.2%) | 命中: narrative:16508, co-op:4580, cozy:11809, emotional:23311
12:13:57 | INFO     | 进度: 173400/261603 (66.3%) | 命中: narrative:16508, co-op:4580, cozy:11809, emotional:23311
12:14:09 | INFO     | 批次完成 | 当前命中: narrative:16535, co-op:4585, cozy:11834, emotional:23352
12:14:09 | INFO     | 处理批次 348 / 524，app 数 500…
12:15:26 | INFO     | 进度: 173600/261603 (66.4%) | 命中: narrative:16535, co-op:4585, cozy:11834, emotional:23352
12:19:23 | INFO     | 进度: 173800/261603 (66.4%) | 命中: narrative:16535, co-op:4585, cozy:11834, emotional:23352
12:24:25 | INFO     | 进度: 174000/261603 (66.5%) | 命中: narrative:16535, co-op:4585, cozy:11834, emotional:23352
12:24:25 | INFO     | 批次完成 | 当前命中: narrative:16565, co-op:4594, cozy:11852, emotional:23391
12:24:25 | INFO     | 处理批次 349 / 524，app 数 500…
12:29:26 | INFO     | 进度: 174200/261603 (66.6%) | 命中: narrative:16565, co-op:4594, cozy:11852, emotional:23391
12:34:26 | INFO     | 进度: 174400/261603 (66.7%) | 命中: narrative:16565, co-op:4594, cozy:11852, emotional:23391
12:34:39 | INFO     | 批次完成 | 当前命中: narrative:16589, co-op:4599, cozy:11866, emotional:23418
12:34:39 | INFO     | 处理批次 350 / 524，app 数 500…
12:35:56 | INFO     | 进度: 174600/261603 (66.7%) | 命中: narrative:16589, co-op:4599, cozy:11866, emotional:23418
12:39:52 | INFO     | 进度: 174800/261603 (66.8%) | 命中: narrative:16589, co-op:4599, cozy:11866, emotional:23418
12:44:53 | INFO     | 进度: 175000/261603 (66.9%) | 命中: narrative:16589, co-op:4599, cozy:11866, emotional:23418
12:44:54 | INFO     | 批次完成 | 当前命中: narrative:16615, co-op:4604, cozy:11883, emotional:23458
12:44:54 | INFO     | 处理批次 351 / 524，app 数 500…
12:49:55 | INFO     | 进度: 175200/261603 (67.0%) | 命中: narrative:16615, co-op:4604, cozy:11883, emotional:23458
12:54:56 | INFO     | 进度: 175400/261603 (67.0%) | 命中: narrative:16615, co-op:4604, cozy:11883, emotional:23458
12:55:08 | INFO     | 批次完成 | 当前命中: narrative:16636, co-op:4611, cozy:11894, emotional:23483
12:55:08 | INFO     | 处理批次 352 / 524，app 数 500…
12:56:58 | INFO     | 进度: 175600/261603 (67.1%) | 命中: narrative:16636, co-op:4611, cozy:11894, emotional:23483
13:00:22 | INFO     | 进度: 175800/261603 (67.2%) | 命中: narrative:16636, co-op:4611, cozy:11894, emotional:23483
13:05:23 | INFO     | 进度: 176000/261603 (67.3%) | 命中: narrative:16636, co-op:4611, cozy:11894, emotional:23483
13:05:23 | INFO     | 批次完成 | 当前命中: narrative:16663, co-op:4622, cozy:11919, emotional:23526
13:05:23 | INFO     | 处理批次 353 / 524，app 数 500…
13:10:25 | INFO     | 进度: 176200/261603 (67.4%) | 命中: narrative:16663, co-op:4622, cozy:11919, emotional:23526
13:15:26 | INFO     | 进度: 176400/261603 (67.4%) | 命中: narrative:16663, co-op:4622, cozy:11919, emotional:23526
13:15:38 | INFO     | 批次完成 | 当前命中: narrative:16679, co-op:4626, cozy:11933, emotional:23547
13:15:38 | INFO     | 处理批次 354 / 524，app 数 500…
13:18:00 | INFO     | 进度: 176600/261603 (67.5%) | 命中: narrative:16679, co-op:4626, cozy:11933, emotional:23547
13:20:52 | INFO     | 进度: 176800/261603 (67.6%) | 命中: narrative:16679, co-op:4626, cozy:11933, emotional:23547
13:25:52 | INFO     | 进度: 177000/261603 (67.7%) | 命中: narrative:16679, co-op:4626, cozy:11933, emotional:23547
13:25:52 | INFO     | 批次完成 | 当前命中: narrative:16700, co-op:4628, cozy:11951, emotional:23573
13:25:52 | INFO     | 处理批次 355 / 524，app 数 500…
13:30:54 | INFO     | 进度: 177200/261603 (67.7%) | 命中: narrative:16700, co-op:4628, cozy:11951, emotional:23573
13:35:55 | INFO     | 进度: 177400/261603 (67.8%) | 命中: narrative:16700, co-op:4628, cozy:11951, emotional:23573
13:36:07 | INFO     | 批次完成 | 当前命中: narrative:16717, co-op:4636, cozy:11964, emotional:23597
13:36:07 | INFO     | 处理批次 356 / 524，app 数 500…
13:38:29 | INFO     | 进度: 177600/261603 (67.9%) | 命中: narrative:16717, co-op:4636, cozy:11964, emotional:23597
13:41:21 | INFO     | 进度: 177800/261603 (68.0%) | 命中: narrative:16717, co-op:4636, cozy:11964, emotional:23597
13:46:22 | INFO     | 进度: 178000/261603 (68.0%) | 命中: narrative:16717, co-op:4636, cozy:11964, emotional:23597
13:46:22 | INFO     | 批次完成 | 当前命中: narrative:16745, co-op:4640, cozy:11987, emotional:23637
13:46:22 | INFO     | 处理批次 357 / 524，app 数 500…
13:51:24 | INFO     | 进度: 178200/261603 (68.1%) | 命中: narrative:16745, co-op:4640, cozy:11987, emotional:23637
13:56:26 | INFO     | 进度: 178400/261603 (68.2%) | 命中: narrative:16745, co-op:4640, cozy:11987, emotional:23637
13:56:38 | INFO     | 批次完成 | 当前命中: narrative:16767, co-op:4650, cozy:12006, emotional:23672
13:56:38 | INFO     | 处理批次 358 / 524，app 数 500…
13:59:32 | INFO     | 进度: 178600/261603 (68.3%) | 命中: narrative:16767, co-op:4650, cozy:12006, emotional:23672
14:01:51 | INFO     | 进度: 178800/261603 (68.3%) | 命中: narrative:16767, co-op:4650, cozy:12006, emotional:23672
14:06:50 | INFO     | 进度: 179000/261603 (68.4%) | 命中: narrative:16767, co-op:4650, cozy:12006, emotional:23672
14:06:50 | INFO     | 批次完成 | 当前命中: narrative:16791, co-op:4654, cozy:12013, emotional:23701
14:06:50 | INFO     | 处理批次 359 / 524，app 数 500…
14:11:41 | INFO     | 进度: 179200/261603 (68.5%) | 命中: narrative:16791, co-op:4654, cozy:12013, emotional:23701
14:16:42 | INFO     | 进度: 179400/261603 (68.6%) | 命中: narrative:16791, co-op:4654, cozy:12013, emotional:23701
14:16:54 | INFO     | 批次完成 | 当前命中: narrative:16812, co-op:4662, cozy:12033, emotional:23734
14:16:54 | INFO     | 处理批次 360 / 524，app 数 500…
14:19:15 | INFO     | 进度: 179600/261603 (68.7%) | 命中: narrative:16812, co-op:4662, cozy:12033, emotional:23734
14:22:06 | INFO     | 进度: 179800/261603 (68.7%) | 命中: narrative:16812, co-op:4662, cozy:12033, emotional:23734
14:27:08 | INFO     | 进度: 180000/261603 (68.8%) | 命中: narrative:16812, co-op:4662, cozy:12033, emotional:23734
14:27:08 | INFO     | 批次完成 | 当前命中: narrative:16827, co-op:4667, cozy:12047, emotional:23754
14:27:08 | INFO     | 处理批次 361 / 524，app 数 500…
14:32:09 | INFO     | 进度: 180200/261603 (68.9%) | 命中: narrative:16827, co-op:4667, cozy:12047, emotional:23754
14:37:10 | INFO     | 进度: 180400/261603 (69.0%) | 命中: narrative:16827, co-op:4667, cozy:12047, emotional:23754
14:37:22 | INFO     | 批次完成 | 当前命中: narrative:16844, co-op:4673, cozy:12057, emotional:23773
14:37:22 | INFO     | 处理批次 362 / 524，app 数 500…
14:39:44 | INFO     | 进度: 180600/261603 (69.0%) | 命中: narrative:16844, co-op:4673, cozy:12057, emotional:23773
14:42:36 | INFO     | 进度: 180800/261603 (69.1%) | 命中: narrative:16844, co-op:4673, cozy:12057, emotional:23773
14:47:38 | INFO     | 进度: 181000/261603 (69.2%) | 命中: narrative:16844, co-op:4673, cozy:12057, emotional:23773
14:47:38 | INFO     | 批次完成 | 当前命中: narrative:16862, co-op:4677, cozy:12069, emotional:23799
14:47:38 | INFO     | 处理批次 363 / 524，app 数 500…
14:52:39 | INFO     | 进度: 181200/261603 (69.3%) | 命中: narrative:16862, co-op:4677, cozy:12069, emotional:23799
14:57:40 | INFO     | 进度: 181400/261603 (69.3%) | 命中: narrative:16862, co-op:4677, cozy:12069, emotional:23799
14:57:52 | INFO     | 批次完成 | 当前命中: narrative:16885, co-op:4684, cozy:12085, emotional:23829
14:57:52 | INFO     | 处理批次 364 / 524，app 数 500…
15:00:47 | INFO     | 进度: 181600/261603 (69.4%) | 命中: narrative:16885, co-op:4684, cozy:12085, emotional:23829
15:03:06 | INFO     | 进度: 181800/261603 (69.5%) | 命中: narrative:16885, co-op:4684, cozy:12085, emotional:23829
15:08:07 | INFO     | 进度: 182000/261603 (69.6%) | 命中: narrative:16885, co-op:4684, cozy:12085, emotional:23829
15:08:07 | INFO     | 批次完成 | 当前命中: narrative:16900, co-op:4688, cozy:12095, emotional:23848
15:08:07 | INFO     | 处理批次 365 / 524，app 数 500…
15:13:09 | INFO     | 进度: 182200/261603 (69.6%) | 命中: narrative:16900, co-op:4688, cozy:12095, emotional:23848
15:18:11 | INFO     | 进度: 182400/261603 (69.7%) | 命中: narrative:16900, co-op:4688, cozy:12095, emotional:23848
15:18:23 | INFO     | 批次完成 | 当前命中: narrative:16917, co-op:4690, cozy:12106, emotional:23869
15:18:23 | INFO     | 处理批次 366 / 524，app 数 500…
15:21:18 | INFO     | 进度: 182600/261603 (69.8%) | 命中: narrative:16917, co-op:4690, cozy:12106, emotional:23869
15:23:37 | INFO     | 进度: 182800/261603 (69.9%) | 命中: narrative:16917, co-op:4690, cozy:12106, emotional:23869
15:28:39 | INFO     | 进度: 183000/261603 (70.0%) | 命中: narrative:16917, co-op:4690, cozy:12106, emotional:23869
15:28:39 | INFO     | 批次完成 | 当前命中: narrative:16935, co-op:4695, cozy:12117, emotional:23896
15:28:39 | INFO     | 处理批次 367 / 524，app 数 500…
15:33:40 | INFO     | 进度: 183200/261603 (70.0%) | 命中: narrative:16935, co-op:4695, cozy:12117, emotional:23896
15:38:42 | INFO     | 进度: 183400/261603 (70.1%) | 命中: narrative:16935, co-op:4695, cozy:12117, emotional:23896
15:38:53 | INFO     | 批次完成 | 当前命中: narrative:16949, co-op:4697, cozy:12130, emotional:23918
15:38:53 | INFO     | 处理批次 368 / 524，app 数 500…
15:42:20 | INFO     | 进度: 183600/261603 (70.2%) | 命中: narrative:16949, co-op:4697, cozy:12130, emotional:23918
15:44:07 | INFO     | 进度: 183800/261603 (70.3%) | 命中: narrative:16949, co-op:4697, cozy:12130, emotional:23918
15:49:08 | INFO     | 进度: 184000/261603 (70.3%) | 命中: narrative:16949, co-op:4697, cozy:12130, emotional:23918
15:49:08 | INFO     | 批次完成 | 当前命中: narrative:16980, co-op:4704, cozy:12150, emotional:23960
15:49:08 | INFO     | 处理批次 369 / 524，app 数 500…
15:54:10 | INFO     | 进度: 184200/261603 (70.4%) | 命中: narrative:16980, co-op:4704, cozy:12150, emotional:23960
15:59:12 | INFO     | 进度: 184400/261603 (70.5%) | 命中: narrative:16980, co-op:4704, cozy:12150, emotional:23960
15:59:24 | INFO     | 批次完成 | 当前命中: narrative:17004, co-op:4710, cozy:12169, emotional:23990
15:59:24 | INFO     | 处理批次 370 / 524，app 数 500…
16:03:24 | INFO     | 进度: 184600/261603 (70.6%) | 命中: narrative:17004, co-op:4710, cozy:12169, emotional:23990
16:04:38 | INFO     | 进度: 184800/261603 (70.6%) | 命中: narrative:17004, co-op:4710, cozy:12169, emotional:23990
16:09:40 | INFO     | 进度: 185000/261603 (70.7%) | 命中: narrative:17004, co-op:4710, cozy:12169, emotional:23990
16:09:40 | INFO     | 批次完成 | 当前命中: narrative:17021, co-op:4714, cozy:12175, emotional:24014
16:09:40 | INFO     | 处理批次 371 / 524，app 数 500…
16:14:43 | INFO     | 进度: 185200/261603 (70.8%) | 命中: narrative:17021, co-op:4714, cozy:12175, emotional:24014
16:19:45 | INFO     | 进度: 185400/261603 (70.9%) | 命中: narrative:17021, co-op:4714, cozy:12175, emotional:24014
16:19:57 | INFO     | 批次完成 | 当前命中: narrative:17037, co-op:4719, cozy:12187, emotional:24037
16:19:57 | INFO     | 处理批次 372 / 524，app 数 500…
16:24:29 | INFO     | 进度: 185600/261603 (70.9%) | 命中: narrative:17037, co-op:4719, cozy:12187, emotional:24037
16:25:12 | INFO     | 进度: 185800/261603 (71.0%) | 命中: narrative:17037, co-op:4719, cozy:12187, emotional:24037
16:30:12 | INFO     | 进度: 186000/261603 (71.1%) | 命中: narrative:17037, co-op:4719, cozy:12187, emotional:24037
16:30:12 | INFO     | 批次完成 | 当前命中: narrative:17055, co-op:4723, cozy:12199, emotional:24058
16:30:12 | INFO     | 处理批次 373 / 524，app 数 500…
16:35:04 | INFO     | 进度: 186200/261603 (71.2%) | 命中: narrative:17055, co-op:4723, cozy:12199, emotional:24058
16:40:39 | INFO     | 进度: 186400/261603 (71.3%) | 命中: narrative:17055, co-op:4723, cozy:12199, emotional:24058
16:45:13 | INFO     | 批次完成 | 当前命中: narrative:17064, co-op:4728, cozy:12209, emotional:24074
16:45:13 | INFO     | 处理批次 374 / 524，app 数 500…
16:45:25 | INFO     | 进度: 186600/261603 (71.3%) | 命中: narrative:17064, co-op:4728, cozy:12209, emotional:24074
16:50:27 | INFO     | 进度: 186800/261603 (71.4%) | 命中: narrative:17064, co-op:4728, cozy:12209, emotional:24074
16:54:06 | INFO     | 进度: 187000/261603 (71.5%) | 命中: narrative:17064, co-op:4728, cozy:12209, emotional:24074
16:54:06 | INFO     | 批次完成 | 当前命中: narrative:17076, co-op:4733, cozy:12215, emotional:24089
16:54:06 | INFO     | 处理批次 375 / 524，app 数 500…
16:55:53 | INFO     | 进度: 187200/261603 (71.6%) | 命中: narrative:17076, co-op:4733, cozy:12215, emotional:24089
17:00:48 | INFO     | 进度: 187400/261603 (71.6%) | 命中: narrative:17076, co-op:4733, cozy:12215, emotional:24089
17:04:15 | INFO     | 批次完成 | 当前命中: narrative:17095, co-op:4737, cozy:12225, emotional:24112
17:04:15 | INFO     | 处理批次 376 / 524，app 数 500…
17:05:50 | INFO     | 进度: 187600/261603 (71.7%) | 命中: narrative:17095, co-op:4737, cozy:12225, emotional:24112
17:10:51 | INFO     | 进度: 187800/261603 (71.8%) | 命中: narrative:17095, co-op:4737, cozy:12225, emotional:24112
17:15:03 | INFO     | 进度: 188000/261603 (71.9%) | 命中: narrative:17095, co-op:4737, cozy:12225, emotional:24112
17:15:03 | INFO     | 批次完成 | 当前命中: narrative:17111, co-op:4745, cozy:12238, emotional:24138
17:15:03 | INFO     | 处理批次 377 / 524，app 数 500…
17:16:18 | INFO     | 进度: 188200/261603 (71.9%) | 命中: narrative:17111, co-op:4745, cozy:12238, emotional:24138
17:21:19 | INFO     | 进度: 188400/261603 (72.0%) | 命中: narrative:17111, co-op:4745, cozy:12238, emotional:24138
17:25:51 | INFO     | 批次完成 | 当前命中: narrative:17126, co-op:4749, cozy:12244, emotional:24157
17:25:51 | INFO     | 处理批次 378 / 524，app 数 500…
17:26:21 | INFO     | 进度: 188600/261603 (72.1%) | 命中: narrative:17126, co-op:4749, cozy:12244, emotional:24157
17:31:23 | INFO     | 进度: 188800/261603 (72.2%) | 命中: narrative:17126, co-op:4749, cozy:12244, emotional:24157
17:36:24 | INFO     | 进度: 189000/261603 (72.2%) | 命中: narrative:17126, co-op:4749, cozy:12244, emotional:24157
17:36:24 | INFO     | 批次完成 | 当前命中: narrative:17145, co-op:4751, cozy:12259, emotional:24186
17:36:24 | INFO     | 处理批次 379 / 524，app 数 500…
17:37:20 | INFO     | 进度: 189200/261603 (72.3%) | 命中: narrative:17145, co-op:4751, cozy:12259, emotional:24186
17:41:49 | INFO     | 进度: 189400/261603 (72.4%) | 命中: narrative:17145, co-op:4751, cozy:12259, emotional:24186
17:46:38 | INFO     | 批次完成 | 当前命中: narrative:17164, co-op:4756, cozy:12274, emotional:24214
17:46:38 | INFO     | 处理批次 380 / 524，app 数 500…
17:46:50 | INFO     | 进度: 189600/261603 (72.5%) | 命中: narrative:17164, co-op:4756, cozy:12274, emotional:24214
17:51:51 | INFO     | 进度: 189800/261603 (72.6%) | 命中: narrative:17164, co-op:4756, cozy:12274, emotional:24214
17:56:52 | INFO     | 进度: 190000/261603 (72.6%) | 命中: narrative:17164, co-op:4756, cozy:12274, emotional:24214
17:56:52 | INFO     | 批次完成 | 当前命中: narrative:17183, co-op:4759, cozy:12288, emotional:24240
17:56:52 | INFO     | 处理批次 381 / 524，app 数 500…
17:57:48 | INFO     | 进度: 190200/261603 (72.7%) | 命中: narrative:17183, co-op:4759, cozy:12288, emotional:24240
18:02:16 | INFO     | 进度: 190400/261603 (72.8%) | 命中: narrative:17183, co-op:4759, cozy:12288, emotional:24240
18:07:05 | INFO     | 批次完成 | 当前命中: narrative:17198, co-op:4763, cozy:12300, emotional:24260
18:07:05 | INFO     | 处理批次 382 / 524，app 数 500…
18:07:17 | INFO     | 进度: 190600/261603 (72.9%) | 命中: narrative:17198, co-op:4763, cozy:12300, emotional:24260
18:12:17 | INFO     | 进度: 190800/261603 (72.9%) | 命中: narrative:17198, co-op:4763, cozy:12300, emotional:24260
18:17:18 | INFO     | 进度: 191000/261603 (73.0%) | 命中: narrative:17198, co-op:4763, cozy:12300, emotional:24260
18:17:18 | INFO     | 批次完成 | 当前命中: narrative:17211, co-op:4768, cozy:12310, emotional:24279
18:17:18 | INFO     | 处理批次 383 / 524，app 数 500…
18:18:46 | INFO     | 进度: 191200/261603 (73.1%) | 命中: narrative:17211, co-op:4768, cozy:12310, emotional:24279
18:22:42 | INFO     | 进度: 191400/261603 (73.2%) | 命中: narrative:17211, co-op:4768, cozy:12310, emotional:24279
18:27:30 | INFO     | 批次完成 | 当前命中: narrative:17223, co-op:4771, cozy:12322, emotional:24301
18:27:30 | INFO     | 处理批次 384 / 524，app 数 500…
18:27:42 | INFO     | 进度: 191600/261603 (73.2%) | 命中: narrative:17223, co-op:4771, cozy:12322, emotional:24301
18:32:42 | INFO     | 进度: 191800/261603 (73.3%) | 命中: narrative:17223, co-op:4771, cozy:12322, emotional:24301
18:37:42 | INFO     | 进度: 192000/261603 (73.4%) | 命中: narrative:17223, co-op:4771, cozy:12322, emotional:24301
18:37:42 | INFO     | 批次完成 | 当前命中: narrative:17238, co-op:4772, cozy:12335, emotional:24325
18:37:42 | INFO     | 处理批次 385 / 524，app 数 500…
18:39:11 | INFO     | 进度: 192200/261603 (73.5%) | 命中: narrative:17238, co-op:4772, cozy:12335, emotional:24325
18:43:06 | INFO     | 进度: 192400/261603 (73.5%) | 命中: narrative:17238, co-op:4772, cozy:12335, emotional:24325
18:47:55 | INFO     | 批次完成 | 当前命中: narrative:17252, co-op:4774, cozy:12345, emotional:24345
18:47:55 | INFO     | 处理批次 386 / 524，app 数 500…
18:48:07 | INFO     | 进度: 192600/261603 (73.6%) | 命中: narrative:17252, co-op:4774, cozy:12345, emotional:24345
18:53:07 | INFO     | 进度: 192800/261603 (73.7%) | 命中: narrative:17252, co-op:4774, cozy:12345, emotional:24345
18:58:07 | INFO     | 进度: 193000/261603 (73.8%) | 命中: narrative:17252, co-op:4774, cozy:12345, emotional:24345
18:58:07 | INFO     | 批次完成 | 当前命中: narrative:17262, co-op:4776, cozy:12349, emotional:24357
18:58:07 | INFO     | 处理批次 387 / 524，app 数 500…
19:00:08 | INFO     | 进度: 193200/261603 (73.9%) | 命中: narrative:17262, co-op:4776, cozy:12349, emotional:24357
19:03:32 | INFO     | 进度: 193400/261603 (73.9%) | 命中: narrative:17262, co-op:4776, cozy:12349, emotional:24357
19:08:20 | INFO     | 批次完成 | 当前命中: narrative:17279, co-op:4776, cozy:12355, emotional:24376
19:08:20 | INFO     | 处理批次 388 / 524，app 数 500…
19:08:32 | INFO     | 进度: 193600/261603 (74.0%) | 命中: narrative:17279, co-op:4776, cozy:12355, emotional:24376
19:13:32 | INFO     | 进度: 193800/261603 (74.1%) | 命中: narrative:17279, co-op:4776, cozy:12355, emotional:24376
19:18:32 | INFO     | 进度: 194000/261603 (74.2%) | 命中: narrative:17279, co-op:4776, cozy:12355, emotional:24376
19:18:32 | INFO     | 批次完成 | 当前命中: narrative:17286, co-op:4780, cozy:12359, emotional:24389
19:18:32 | INFO     | 处理批次 389 / 524，app 数 500…
19:21:06 | INFO     | 进度: 194200/261603 (74.2%) | 命中: narrative:17286, co-op:4780, cozy:12359, emotional:24389
19:23:56 | INFO     | 进度: 194400/261603 (74.3%) | 命中: narrative:17286, co-op:4780, cozy:12359, emotional:24389
19:28:45 | INFO     | 批次完成 | 当前命中: narrative:17299, co-op:4782, cozy:12373, emotional:24407
19:28:45 | INFO     | 处理批次 390 / 524，app 数 500…
19:28:57 | INFO     | 进度: 194600/261603 (74.4%) | 命中: narrative:17299, co-op:4782, cozy:12373, emotional:24407
19:33:57 | INFO     | 进度: 194800/261603 (74.5%) | 命中: narrative:17299, co-op:4782, cozy:12373, emotional:24407
19:38:58 | INFO     | 进度: 195000/261603 (74.5%) | 命中: narrative:17299, co-op:4782, cozy:12373, emotional:24407
19:38:58 | INFO     | 批次完成 | 当前命中: narrative:17314, co-op:4786, cozy:12385, emotional:24429
19:38:58 | INFO     | 处理批次 391 / 524，app 数 500…
19:42:36 | INFO     | 进度: 195200/261603 (74.6%) | 命中: narrative:17314, co-op:4786, cozy:12385, emotional:24429
19:44:22 | INFO     | 进度: 195400/261603 (74.7%) | 命中: narrative:17314, co-op:4786, cozy:12385, emotional:24429
19:49:10 | INFO     | 批次完成 | 当前命中: narrative:17333, co-op:4790, cozy:12397, emotional:24455
19:49:10 | INFO     | 处理批次 392 / 524，app 数 500…
19:49:22 | INFO     | 进度: 195600/261603 (74.8%) | 命中: narrative:17333, co-op:4790, cozy:12397, emotional:24455
19:54:23 | INFO     | 进度: 195800/261603 (74.8%) | 命中: narrative:17333, co-op:4790, cozy:12397, emotional:24455
19:59:23 | INFO     | 进度: 196000/261603 (74.9%) | 命中: narrative:17333, co-op:4790, cozy:12397, emotional:24455
19:59:23 | INFO     | 批次完成 | 当前命中: narrative:17353, co-op:4797, cozy:12413, emotional:24483
19:59:23 | INFO     | 处理批次 393 / 524，app 数 500…
20:03:34 | INFO     | 进度: 196200/261603 (75.0%) | 命中: narrative:17353, co-op:4797, cozy:12413, emotional:24483
20:04:46 | INFO     | 进度: 196400/261603 (75.1%) | 命中: narrative:17353, co-op:4797, cozy:12413, emotional:24483
20:09:34 | INFO     | 批次完成 | 当前命中: narrative:17364, co-op:4804, cozy:12420, emotional:24497
20:09:34 | INFO     | 处理批次 394 / 524，app 数 500…
20:09:46 | INFO     | 进度: 196600/261603 (75.2%) | 命中: narrative:17364, co-op:4804, cozy:12420, emotional:24497
20:14:47 | INFO     | 进度: 196800/261603 (75.2%) | 命中: narrative:17364, co-op:4804, cozy:12420, emotional:24497
20:19:48 | INFO     | 进度: 197000/261603 (75.3%) | 命中: narrative:17364, co-op:4804, cozy:12420, emotional:24497
20:19:48 | INFO     | 批次完成 | 当前命中: narrative:17389, co-op:4810, cozy:12440, emotional:24530
20:19:48 | INFO     | 处理批次 395 / 524，app 数 500…
20:23:28 | INFO     | 进度: 197200/261603 (75.4%) | 命中: narrative:17389, co-op:4810, cozy:12440, emotional:24530
20:25:13 | INFO     | 进度: 197400/261603 (75.5%) | 命中: narrative:17389, co-op:4810, cozy:12440, emotional:24530
20:30:02 | INFO     | 批次完成 | 当前命中: narrative:17399, co-op:4814, cozy:12449, emotional:24550
20:30:02 | INFO     | 处理批次 396 / 524，app 数 500…
20:30:14 | INFO     | 进度: 197600/261603 (75.5%) | 命中: narrative:17399, co-op:4814, cozy:12449, emotional:24550
20:35:14 | INFO     | 进度: 197800/261603 (75.6%) | 命中: narrative:17399, co-op:4814, cozy:12449, emotional:24550
20:40:14 | INFO     | 进度: 198000/261603 (75.7%) | 命中: narrative:17399, co-op:4814, cozy:12449, emotional:24550
20:40:15 | INFO     | 批次完成 | 当前命中: narrative:17405, co-op:4818, cozy:12463, emotional:24568
20:40:15 | INFO     | 处理批次 397 / 524，app 数 500…
20:43:53 | INFO     | 进度: 198200/261603 (75.8%) | 命中: narrative:17405, co-op:4818, cozy:12463, emotional:24568
20:45:39 | INFO     | 进度: 198400/261603 (75.8%) | 命中: narrative:17405, co-op:4818, cozy:12463, emotional:24568
20:50:28 | INFO     | 批次完成 | 当前命中: narrative:17410, co-op:4821, cozy:12469, emotional:24577
20:50:28 | INFO     | 处理批次 398 / 524，app 数 500…
20:50:40 | INFO     | 进度: 198600/261603 (75.9%) | 命中: narrative:17410, co-op:4821, cozy:12469, emotional:24577
20:55:41 | INFO     | 进度: 198800/261603 (76.0%) | 命中: narrative:17410, co-op:4821, cozy:12469, emotional:24577
21:00:42 | INFO     | 进度: 199000/261603 (76.1%) | 命中: narrative:17410, co-op:4821, cozy:12469, emotional:24577
21:00:42 | INFO     | 批次完成 | 当前命中: narrative:17420, co-op:4826, cozy:12477, emotional:24593
21:00:42 | INFO     | 处理批次 399 / 524，app 数 500…
21:04:21 | INFO     | 进度: 199200/261603 (76.1%) | 命中: narrative:17420, co-op:4826, cozy:12477, emotional:24593
21:06:07 | INFO     | 进度: 199400/261603 (76.2%) | 命中: narrative:17420, co-op:4826, cozy:12477, emotional:24593
21:10:56 | INFO     | 批次完成 | 当前命中: narrative:17428, co-op:4827, cozy:12484, emotional:24603
21:10:56 | INFO     | 处理批次 400 / 524，app 数 500…
21:11:08 | INFO     | 进度: 199600/261603 (76.3%) | 命中: narrative:17428, co-op:4827, cozy:12484, emotional:24603
21:16:09 | INFO     | 进度: 199800/261603 (76.4%) | 命中: narrative:17428, co-op:4827, cozy:12484, emotional:24603
21:21:10 | INFO     | 进度: 200000/261603 (76.5%) | 命中: narrative:17428, co-op:4827, cozy:12484, emotional:24603
21:21:10 | INFO     | 批次完成 | 当前命中: narrative:17438, co-op:4828, cozy:12489, emotional:24617
21:21:10 | INFO     | 处理批次 401 / 524，app 数 500…
21:24:37 | INFO     | 进度: 200200/261603 (76.5%) | 命中: narrative:17438, co-op:4828, cozy:12489, emotional:24617
21:26:36 | INFO     | 进度: 200400/261603 (76.6%) | 命中: narrative:17438, co-op:4828, cozy:12489, emotional:24617
21:31:11 | INFO     | 批次完成 | 当前命中: narrative:17450, co-op:4832, cozy:12501, emotional:24635
21:31:11 | INFO     | 处理批次 402 / 524，app 数 500…
21:31:23 | INFO     | 进度: 200600/261603 (76.7%) | 命中: narrative:17450, co-op:4832, cozy:12501, emotional:24635
21:36:23 | INFO     | 进度: 200800/261603 (76.8%) | 命中: narrative:17450, co-op:4832, cozy:12501, emotional:24635
21:41:13 | INFO     | 进度: 201000/261603 (76.8%) | 命中: narrative:17450, co-op:4832, cozy:12501, emotional:24635
21:41:13 | INFO     | 批次完成 | 当前命中: narrative:17470, co-op:4835, cozy:12513, emotional:24664
21:41:13 | INFO     | 处理批次 403 / 524，app 数 500…
21:44:20 | INFO     | 进度: 201200/261603 (76.9%) | 命中: narrative:17470, co-op:4835, cozy:12513, emotional:24664
21:46:40 | INFO     | 进度: 201400/261603 (77.0%) | 命中: narrative:17470, co-op:4835, cozy:12513, emotional:24664
21:51:29 | INFO     | 批次完成 | 当前命中: narrative:17478, co-op:4837, cozy:12516, emotional:24675
21:51:29 | INFO     | 处理批次 404 / 524，app 数 500…
21:51:42 | INFO     | 进度: 201600/261603 (77.1%) | 命中: narrative:17478, co-op:4837, cozy:12516, emotional:24675
21:56:44 | INFO     | 进度: 201800/261603 (77.1%) | 命中: narrative:17478, co-op:4837, cozy:12516, emotional:24675
22:01:45 | INFO     | 进度: 202000/261603 (77.2%) | 命中: narrative:17478, co-op:4837, cozy:12516, emotional:24675
22:01:45 | INFO     | 批次完成 | 当前命中: narrative:17494, co-op:4841, cozy:12524, emotional:24691
22:01:45 | INFO     | 处理批次 405 / 524，app 数 500…
22:04:52 | INFO     | 进度: 202200/261603 (77.3%) | 命中: narrative:17494, co-op:4841, cozy:12524, emotional:24691
22:07:11 | INFO     | 进度: 202400/261603 (77.4%) | 命中: narrative:17494, co-op:4841, cozy:12524, emotional:24691
22:12:01 | INFO     | 批次完成 | 当前命中: narrative:17503, co-op:4844, cozy:12531, emotional:24707
22:12:01 | INFO     | 处理批次 406 / 524，app 数 500…
22:12:14 | INFO     | 进度: 202600/261603 (77.4%) | 命中: narrative:17503, co-op:4844, cozy:12531, emotional:24707
22:16:58 | INFO     | 进度: 202800/261603 (77.5%) | 命中: narrative:17503, co-op:4844, cozy:12531, emotional:24707
22:22:01 | INFO     | 进度: 203000/261603 (77.6%) | 命中: narrative:17503, co-op:4844, cozy:12531, emotional:24707
22:22:01 | INFO     | 批次完成 | 当前命中: narrative:17514, co-op:4849, cozy:12539, emotional:24726
22:22:01 | INFO     | 处理批次 407 / 524，app 数 500…
22:24:03 | INFO     | 进度: 203200/261603 (77.7%) | 命中: narrative:17514, co-op:4849, cozy:12539, emotional:24726
22:27:28 | INFO     | 进度: 203400/261603 (77.8%) | 命中: narrative:17514, co-op:4849, cozy:12539, emotional:24726
22:32:17 | INFO     | 批次完成 | 当前命中: narrative:17520, co-op:4852, cozy:12542, emotional:24740
22:32:17 | INFO     | 处理批次 408 / 524，app 数 500…
22:32:29 | INFO     | 进度: 203600/261603 (77.8%) | 命中: narrative:17520, co-op:4852, cozy:12542, emotional:24740
22:37:31 | INFO     | 进度: 203800/261603 (77.9%) | 命中: narrative:17520, co-op:4852, cozy:12542, emotional:24740
22:42:32 | INFO     | 进度: 204000/261603 (78.0%) | 命中: narrative:17520, co-op:4852, cozy:12542, emotional:24740
22:42:32 | INFO     | 批次完成 | 当前命中: narrative:17529, co-op:4857, cozy:12550, emotional:24751
22:42:32 | INFO     | 处理批次 409 / 524，app 数 500…
22:45:06 | INFO     | 进度: 204200/261603 (78.1%) | 命中: narrative:17529, co-op:4857, cozy:12550, emotional:24751
22:47:57 | INFO     | 进度: 204400/261603 (78.1%) | 命中: narrative:17529, co-op:4857, cozy:12550, emotional:24751
22:52:46 | INFO     | 批次完成 | 当前命中: narrative:17539, co-op:4860, cozy:12554, emotional:24764
22:52:46 | INFO     | 处理批次 410 / 524，app 数 500…
22:52:58 | INFO     | 进度: 204600/261603 (78.2%) | 命中: narrative:17539, co-op:4860, cozy:12554, emotional:24764
22:57:59 | INFO     | 进度: 204800/261603 (78.3%) | 命中: narrative:17539, co-op:4860, cozy:12554, emotional:24764
23:03:00 | INFO     | 进度: 205000/261603 (78.4%) | 命中: narrative:17539, co-op:4860, cozy:12554, emotional:24764
23:03:00 | INFO     | 批次完成 | 当前命中: narrative:17548, co-op:4862, cozy:12559, emotional:24774
23:03:00 | INFO     | 处理批次 411 / 524，app 数 500…
23:05:02 | INFO     | 进度: 205200/261603 (78.4%) | 命中: narrative:17548, co-op:4862, cozy:12559, emotional:24774
23:08:25 | INFO     | 进度: 205400/261603 (78.5%) | 命中: narrative:17548, co-op:4862, cozy:12559, emotional:24774
23:13:13 | INFO     | 批次完成 | 当前命中: narrative:17555, co-op:4864, cozy:12565, emotional:24786
23:13:13 | INFO     | 处理批次 412 / 524，app 数 500…
23:13:25 | INFO     | 进度: 205600/261603 (78.6%) | 命中: narrative:17555, co-op:4864, cozy:12565, emotional:24786
23:18:25 | INFO     | 进度: 205800/261603 (78.7%) | 命中: narrative:17555, co-op:4864, cozy:12565, emotional:24786
23:23:25 | INFO     | 进度: 206000/261603 (78.7%) | 命中: narrative:17555, co-op:4864, cozy:12565, emotional:24786
23:23:25 | INFO     | 批次完成 | 当前命中: narrative:17566, co-op:4866, cozy:12572, emotional:24803
23:23:25 | INFO     | 处理批次 413 / 524，app 数 500…
23:25:59 | INFO     | 进度: 206200/261603 (78.8%) | 命中: narrative:17566, co-op:4866, cozy:12572, emotional:24803
23:28:49 | INFO     | 进度: 206400/261603 (78.9%) | 命中: narrative:17566, co-op:4866, cozy:12572, emotional:24803
23:33:38 | INFO     | 批次完成 | 当前命中: narrative:17581, co-op:4874, cozy:12583, emotional:24825
23:33:38 | INFO     | 处理批次 414 / 524，app 数 500…
23:33:50 | INFO     | 进度: 206600/261603 (79.0%) | 命中: narrative:17581, co-op:4874, cozy:12583, emotional:24825
23:38:50 | INFO     | 进度: 206800/261603 (79.1%) | 命中: narrative:17581, co-op:4874, cozy:12583, emotional:24825
23:43:50 | INFO     | 进度: 207000/261603 (79.1%) | 命中: narrative:17581, co-op:4874, cozy:12583, emotional:24825
23:43:50 | INFO     | 批次完成 | 当前命中: narrative:17589, co-op:4877, cozy:12587, emotional:24836
23:43:50 | INFO     | 处理批次 415 / 524，app 数 500…
23:46:57 | INFO     | 进度: 207200/261603 (79.2%) | 命中: narrative:17589, co-op:4877, cozy:12587, emotional:24836
23:49:15 | INFO     | 进度: 207400/261603 (79.3%) | 命中: narrative:17589, co-op:4877, cozy:12587, emotional:24836
23:54:03 | INFO     | 批次完成 | 当前命中: narrative:17599, co-op:4880, cozy:12591, emotional:24850
23:54:03 | INFO     | 处理批次 416 / 524，app 数 500…
23:54:15 | INFO     | 进度: 207600/261603 (79.4%) | 命中: narrative:17599, co-op:4880, cozy:12591, emotional:24850
23:59:16 | INFO     | 进度: 207800/261603 (79.4%) | 命中: narrative:17599, co-op:4880, cozy:12591, emotional:24850
00:04:16 | INFO     | 进度: 208000/261603 (79.5%) | 命中: narrative:17599, co-op:4880, cozy:12591, emotional:24850
00:04:16 | INFO     | 批次完成 | 当前命中: narrative:17607, co-op:4886, cozy:12598, emotional:24863
00:04:16 | INFO     | 处理批次 417 / 524，app 数 500…
00:07:55 | INFO     | 进度: 208200/261603 (79.6%) | 命中: narrative:17607, co-op:4886, cozy:12598, emotional:24863
00:09:41 | INFO     | 进度: 208400/261603 (79.7%) | 命中: narrative:17607, co-op:4886, cozy:12598, emotional:24863
00:14:30 | INFO     | 批次完成 | 当前命中: narrative:17616, co-op:4891, cozy:12603, emotional:24876
00:14:30 | INFO     | 处理批次 418 / 524，app 数 500…
00:14:42 | INFO     | 进度: 208600/261603 (79.7%) | 命中: narrative:17616, co-op:4891, cozy:12603, emotional:24876
00:19:43 | INFO     | 进度: 208800/261603 (79.8%) | 命中: narrative:17616, co-op:4891, cozy:12603, emotional:24876
00:24:44 | INFO     | 进度: 209000/261603 (79.9%) | 命中: narrative:17616, co-op:4891, cozy:12603, emotional:24876
00:24:44 | INFO     | 批次完成 | 当前命中: narrative:17628, co-op:4894, cozy:12613, emotional:24893
00:24:44 | INFO     | 处理批次 419 / 524，app 数 500…
00:28:54 | INFO     | 进度: 209200/261603 (80.0%) | 命中: narrative:17628, co-op:4894, cozy:12613, emotional:24893
00:30:08 | INFO     | 进度: 209400/261603 (80.0%) | 命中: narrative:17628, co-op:4894, cozy:12613, emotional:24893
00:34:57 | INFO     | 批次完成 | 当前命中: narrative:17636, co-op:4897, cozy:12621, emotional:24909
00:34:57 | INFO     | 处理批次 420 / 524，app 数 500…
00:35:09 | INFO     | 进度: 209600/261603 (80.1%) | 命中: narrative:17636, co-op:4897, cozy:12621, emotional:24909
00:40:10 | INFO     | 进度: 209800/261603 (80.2%) | 命中: narrative:17636, co-op:4897, cozy:12621, emotional:24909
00:45:10 | INFO     | 进度: 210000/261603 (80.3%) | 命中: narrative:17636, co-op:4897, cozy:12621, emotional:24909
00:45:10 | INFO     | 批次完成 | 当前命中: narrative:17645, co-op:4902, cozy:12627, emotional:24926
00:45:10 | INFO     | 处理批次 421 / 524，app 数 500…
00:49:53 | INFO     | 进度: 210200/261603 (80.4%) | 命中: narrative:17645, co-op:4902, cozy:12627, emotional:24926
00:50:34 | INFO     | 进度: 210400/261603 (80.4%) | 命中: narrative:17645, co-op:4902, cozy:12627, emotional:24926
00:55:23 | INFO     | 批次完成 | 当前命中: narrative:17654, co-op:4907, cozy:12634, emotional:24944
00:55:23 | INFO     | 处理批次 422 / 524，app 数 500…
00:55:35 | INFO     | 进度: 210600/261603 (80.5%) | 命中: narrative:17654, co-op:4907, cozy:12634, emotional:24944
01:00:35 | INFO     | 进度: 210800/261603 (80.6%) | 命中: narrative:17654, co-op:4907, cozy:12634, emotional:24944
01:05:36 | INFO     | 进度: 211000/261603 (80.7%) | 命中: narrative:17654, co-op:4907, cozy:12634, emotional:24944
01:05:36 | INFO     | 批次完成 | 当前命中: narrative:17659, co-op:4910, cozy:12641, emotional:24955
01:05:36 | INFO     | 处理批次 423 / 524，app 数 500…
01:10:37 | INFO     | 进度: 211200/261603 (80.7%) | 命中: narrative:17659, co-op:4910, cozy:12641, emotional:24955
01:11:33 | INFO     | 进度: 211400/261603 (80.8%) | 命中: narrative:17659, co-op:4910, cozy:12641, emotional:24955
01:15:49 | INFO     | 批次完成 | 当前命中: narrative:17670, co-op:4913, cozy:12649, emotional:24970
01:15:49 | INFO     | 处理批次 424 / 524，app 数 500…
01:16:01 | INFO     | 进度: 211600/261603 (80.9%) | 命中: narrative:17670, co-op:4913, cozy:12649, emotional:24970
01:21:01 | INFO     | 进度: 211800/261603 (81.0%) | 命中: narrative:17670, co-op:4913, cozy:12649, emotional:24970
01:26:00 | INFO     | 进度: 212000/261603 (81.0%) | 命中: narrative:17670, co-op:4913, cozy:12649, emotional:24970
01:26:00 | INFO     | 批次完成 | 当前命中: narrative:17685, co-op:4917, cozy:12656, emotional:24990
01:26:00 | INFO     | 处理批次 425 / 524，app 数 500…
01:31:01 | INFO     | 进度: 212200/261603 (81.1%) | 命中: narrative:17685, co-op:4917, cozy:12656, emotional:24990
01:32:29 | INFO     | 进度: 212400/261603 (81.2%) | 命中: narrative:17685, co-op:4917, cozy:12656, emotional:24990
01:36:13 | INFO     | 批次完成 | 当前命中: narrative:17691, co-op:4919, cozy:12657, emotional:24999
01:36:13 | INFO     | 处理批次 426 / 524，app 数 500…
01:36:25 | INFO     | 进度: 212600/261603 (81.3%) | 命中: narrative:17691, co-op:4919, cozy:12657, emotional:24999
01:41:25 | INFO     | 进度: 212800/261603 (81.3%) | 命中: narrative:17691, co-op:4919, cozy:12657, emotional:24999
01:46:24 | INFO     | 进度: 213000/261603 (81.4%) | 命中: narrative:17691, co-op:4919, cozy:12657, emotional:24999
01:46:24 | INFO     | 批次完成 | 当前命中: narrative:17702, co-op:4923, cozy:12661, emotional:25012
01:46:24 | INFO     | 处理批次 427 / 524，app 数 500…
01:51:13 | INFO     | 进度: 213200/261603 (81.5%) | 命中: narrative:17702, co-op:4923, cozy:12661, emotional:25012
01:52:09 | INFO     | 进度: 213400/261603 (81.6%) | 命中: narrative:17702, co-op:4923, cozy:12661, emotional:25012
01:56:25 | INFO     | 批次完成 | 当前命中: narrative:17711, co-op:4929, cozy:12670, emotional:25030
01:56:25 | INFO     | 处理批次 428 / 524，app 数 500…
01:56:37 | INFO     | 进度: 213600/261603 (81.7%) | 命中: narrative:17711, co-op:4929, cozy:12670, emotional:25030
02:01:38 | INFO     | 进度: 213800/261603 (81.7%) | 命中: narrative:17711, co-op:4929, cozy:12670, emotional:25030
02:06:38 | INFO     | 进度: 214000/261603 (81.8%) | 命中: narrative:17711, co-op:4929, cozy:12670, emotional:25030
02:06:38 | INFO     | 批次完成 | 当前命中: narrative:17721, co-op:4933, cozy:12680, emotional:25048
02:06:38 | INFO     | 处理批次 429 / 524，app 数 500…
02:11:39 | INFO     | 进度: 214200/261603 (81.9%) | 命中: narrative:17721, co-op:4933, cozy:12680, emotional:25048
02:12:11 | INFO     | 进度: 214400/261603 (82.0%) | 命中: narrative:17721, co-op:4933, cozy:12680, emotional:25048
02:16:45 | INFO     | 批次完成 | 当前命中: narrative:17733, co-op:4937, cozy:12685, emotional:25065
02:16:45 | INFO     | 处理批次 430 / 524，app 数 500…
02:16:57 | INFO     | 进度: 214600/261603 (82.0%) | 命中: narrative:17733, co-op:4937, cozy:12685, emotional:25065
02:21:53 | INFO     | 进度: 214800/261603 (82.1%) | 命中: narrative:17733, co-op:4937, cozy:12685, emotional:25065
02:26:53 | INFO     | 进度: 215000/261603 (82.2%) | 命中: narrative:17733, co-op:4937, cozy:12685, emotional:25065
02:26:53 | INFO     | 批次完成 | 当前命中: narrative:17740, co-op:4944, cozy:12695, emotional:25082
02:26:53 | INFO     | 处理批次 431 / 524，app 数 500…
02:30:32 | INFO     | 进度: 215200/261603 (82.3%) | 命中: narrative:17740, co-op:4944, cozy:12695, emotional:25082
02:32:17 | INFO     | 进度: 215400/261603 (82.3%) | 命中: narrative:17740, co-op:4944, cozy:12695, emotional:25082
02:37:06 | INFO     | 批次完成 | 当前命中: narrative:17750, co-op:4946, cozy:12702, emotional:25094
02:37:06 | INFO     | 处理批次 432 / 524，app 数 500…
02:37:18 | INFO     | 进度: 215600/261603 (82.4%) | 命中: narrative:17750, co-op:4946, cozy:12702, emotional:25094
02:42:18 | INFO     | 进度: 215800/261603 (82.5%) | 命中: narrative:17750, co-op:4946, cozy:12702, emotional:25094
02:47:19 | INFO     | 进度: 216000/261603 (82.6%) | 命中: narrative:17750, co-op:4946, cozy:12702, emotional:25094
02:47:19 | INFO     | 批次完成 | 当前命中: narrative:17762, co-op:4951, cozy:12712, emotional:25113
02:47:19 | INFO     | 处理批次 433 / 524，app 数 500…
02:51:31 | INFO     | 进度: 216200/261603 (82.6%) | 命中: narrative:17762, co-op:4951, cozy:12712, emotional:25113
02:52:44 | INFO     | 进度: 216400/261603 (82.7%) | 命中: narrative:17762, co-op:4951, cozy:12712, emotional:25113
02:57:32 | INFO     | 批次完成 | 当前命中: narrative:17770, co-op:4952, cozy:12714, emotional:25122
02:57:32 | INFO     | 处理批次 434 / 524，app 数 500…
02:57:44 | INFO     | 进度: 216600/261603 (82.8%) | 命中: narrative:17770, co-op:4952, cozy:12714, emotional:25122
03:02:44 | INFO     | 进度: 216800/261603 (82.9%) | 命中: narrative:17770, co-op:4952, cozy:12714, emotional:25122
03:07:44 | INFO     | 进度: 217000/261603 (83.0%) | 命中: narrative:17770, co-op:4952, cozy:12714, emotional:25122
03:07:44 | INFO     | 批次完成 | 当前命中: narrative:17777, co-op:4957, cozy:12720, emotional:25134
03:07:44 | INFO     | 处理批次 435 / 524，app 数 500…
03:12:01 | INFO     | 进度: 217200/261603 (83.0%) | 命中: narrative:17777, co-op:4957, cozy:12720, emotional:25134
03:13:08 | INFO     | 进度: 217400/261603 (83.1%) | 命中: narrative:17777, co-op:4957, cozy:12720, emotional:25134
03:17:56 | INFO     | 批次完成 | 当前命中: narrative:17787, co-op:4962, cozy:12730, emotional:25153
03:17:56 | INFO     | 处理批次 436 / 524，app 数 500…
03:18:08 | INFO     | 进度: 217600/261603 (83.2%) | 命中: narrative:17787, co-op:4962, cozy:12730, emotional:25153
03:23:08 | INFO     | 进度: 217800/261603 (83.3%) | 命中: narrative:17787, co-op:4962, cozy:12730, emotional:25153
03:28:09 | INFO     | 进度: 218000/261603 (83.3%) | 命中: narrative:17787, co-op:4962, cozy:12730, emotional:25153
03:28:09 | INFO     | 批次完成 | 当前命中: narrative:17798, co-op:4966, cozy:12742, emotional:25168
03:28:09 | INFO     | 处理批次 437 / 524，app 数 500…
03:32:52 | INFO     | 进度: 218200/261603 (83.4%) | 命中: narrative:17798, co-op:4966, cozy:12742, emotional:25168
03:33:32 | INFO     | 进度: 218400/261603 (83.5%) | 命中: narrative:17798, co-op:4966, cozy:12742, emotional:25168
03:38:21 | INFO     | 批次完成 | 当前命中: narrative:17808, co-op:4969, cozy:12749, emotional:25180
03:38:21 | INFO     | 处理批次 438 / 524，app 数 500…
03:38:33 | INFO     | 进度: 218600/261603 (83.6%) | 命中: narrative:17808, co-op:4969, cozy:12749, emotional:25180
03:43:34 | INFO     | 进度: 218800/261603 (83.6%) | 命中: narrative:17808, co-op:4969, cozy:12749, emotional:25180
03:48:34 | INFO     | 进度: 219000/261603 (83.7%) | 命中: narrative:17808, co-op:4969, cozy:12749, emotional:25180
03:48:34 | INFO     | 批次完成 | 当前命中: narrative:17816, co-op:4970, cozy:12754, emotional:25189
03:48:34 | INFO     | 处理批次 439 / 524，app 数 500…
03:53:35 | INFO     | 进度: 219200/261603 (83.8%) | 命中: narrative:17816, co-op:4970, cozy:12754, emotional:25189
03:54:30 | INFO     | 进度: 219400/261603 (83.9%) | 命中: narrative:17816, co-op:4970, cozy:12754, emotional:25189
03:58:47 | INFO     | 批次完成 | 当前命中: narrative:17822, co-op:4972, cozy:12755, emotional:25200
03:58:47 | INFO     | 处理批次 440 / 524，app 数 500…
03:58:58 | INFO     | 进度: 219600/261603 (83.9%) | 命中: narrative:17822, co-op:4972, cozy:12755, emotional:25200
04:03:59 | INFO     | 进度: 219800/261603 (84.0%) | 命中: narrative:17822, co-op:4972, cozy:12755, emotional:25200
04:08:59 | INFO     | 进度: 220000/261603 (84.1%) | 命中: narrative:17822, co-op:4972, cozy:12755, emotional:25200
04:08:59 | INFO     | 批次完成 | 当前命中: narrative:17830, co-op:4975, cozy:12761, emotional:25215
04:08:59 | INFO     | 处理批次 441 / 524，app 数 500…
04:14:00 | INFO     | 进度: 220200/261603 (84.2%) | 命中: narrative:17830, co-op:4975, cozy:12761, emotional:25215
04:15:28 | INFO     | 进度: 220400/261603 (84.2%) | 命中: narrative:17830, co-op:4975, cozy:12761, emotional:25215
04:19:12 | INFO     | 批次完成 | 当前命中: narrative:17836, co-op:4977, cozy:12761, emotional:25223
04:19:12 | INFO     | 处理批次 442 / 524，app 数 500…
04:19:24 | INFO     | 进度: 220600/261603 (84.3%) | 命中: narrative:17836, co-op:4977, cozy:12761, emotional:25223
04:24:25 | INFO     | 进度: 220800/261603 (84.4%) | 命中: narrative:17836, co-op:4977, cozy:12761, emotional:25223
04:29:26 | INFO     | 进度: 221000/261603 (84.5%) | 命中: narrative:17836, co-op:4977, cozy:12761, emotional:25223
04:29:26 | INFO     | 批次完成 | 当前命中: narrative:17844, co-op:4983, cozy:12765, emotional:25237
04:29:26 | INFO     | 处理批次 443 / 524，app 数 500…
04:34:27 | INFO     | 进度: 221200/261603 (84.6%) | 命中: narrative:17844, co-op:4983, cozy:12765, emotional:25237
04:35:56 | INFO     | 进度: 221400/261603 (84.6%) | 命中: narrative:17844, co-op:4983, cozy:12765, emotional:25237
04:39:40 | INFO     | 批次完成 | 当前命中: narrative:17853, co-op:4984, cozy:12775, emotional:25251
04:39:40 | INFO     | 处理批次 444 / 524，app 数 500…
04:39:52 | INFO     | 进度: 221600/261603 (84.7%) | 命中: narrative:17853, co-op:4984, cozy:12775, emotional:25251
04:44:53 | INFO     | 进度: 221800/261603 (84.8%) | 命中: narrative:17853, co-op:4984, cozy:12775, emotional:25251
04:49:53 | INFO     | 进度: 222000/261603 (84.9%) | 命中: narrative:17853, co-op:4984, cozy:12775, emotional:25251
04:49:53 | INFO     | 批次完成 | 当前命中: narrative:17861, co-op:4989, cozy:12777, emotional:25263
04:49:53 | INFO     | 处理批次 445 / 524，app 数 500…
04:54:54 | INFO     | 进度: 222200/261603 (84.9%) | 命中: narrative:17861, co-op:4989, cozy:12777, emotional:25263
04:56:56 | INFO     | 进度: 222400/261603 (85.0%) | 命中: narrative:17861, co-op:4989, cozy:12777, emotional:25263
04:59:57 | INFO     | 批次完成 | 当前命中: narrative:17869, co-op:4997, cozy:12782, emotional:25280
04:59:57 | INFO     | 处理批次 446 / 524，app 数 500…
05:00:11 | INFO     | 进度: 222600/261603 (85.1%) | 命中: narrative:17869, co-op:4997, cozy:12782, emotional:25280
05:05:12 | INFO     | 进度: 222800/261603 (85.2%) | 命中: narrative:17869, co-op:4997, cozy:12782, emotional:25280
05:10:14 | INFO     | 进度: 223000/261603 (85.2%) | 命中: narrative:17869, co-op:4997, cozy:12782, emotional:25280
05:10:14 | INFO     | 批次完成 | 当前命中: narrative:17884, co-op:5004, cozy:12791, emotional:25301
05:10:14 | INFO     | 处理批次 447 / 524，app 数 500…
05:15:16 | INFO     | 进度: 223200/261603 (85.3%) | 命中: narrative:17884, co-op:5004, cozy:12791, emotional:25301
05:17:17 | INFO     | 进度: 223400/261603 (85.4%) | 命中: narrative:17884, co-op:5004, cozy:12791, emotional:25301
05:20:29 | INFO     | 批次完成 | 当前命中: narrative:17889, co-op:5007, cozy:12798, emotional:25315
05:20:29 | INFO     | 处理批次 448 / 524，app 数 500…
05:20:42 | INFO     | 进度: 223600/261603 (85.5%) | 命中: narrative:17889, co-op:5007, cozy:12798, emotional:25315
05:25:42 | INFO     | 进度: 223800/261603 (85.5%) | 命中: narrative:17889, co-op:5007, cozy:12798, emotional:25315
05:30:43 | INFO     | 进度: 224000/261603 (85.6%) | 命中: narrative:17889, co-op:5007, cozy:12798, emotional:25315
05:30:43 | INFO     | 批次完成 | 当前命中: narrative:17901, co-op:5010, cozy:12805, emotional:25330
05:30:43 | INFO     | 处理批次 449 / 524，app 数 500…
05:35:45 | INFO     | 进度: 224200/261603 (85.7%) | 命中: narrative:17901, co-op:5010, cozy:12805, emotional:25330
05:38:51 | INFO     | 进度: 224400/261603 (85.8%) | 命中: narrative:17901, co-op:5010, cozy:12805, emotional:25330
05:40:57 | INFO     | 批次完成 | 当前命中: narrative:17905, co-op:5010, cozy:12809, emotional:25337
05:40:57 | INFO     | 处理批次 450 / 524，app 数 500…
05:41:10 | INFO     | 进度: 224600/261603 (85.9%) | 命中: narrative:17905, co-op:5010, cozy:12809, emotional:25337
05:46:10 | INFO     | 进度: 224800/261603 (85.9%) | 命中: narrative:17905, co-op:5010, cozy:12809, emotional:25337
05:51:11 | INFO     | 进度: 225000/261603 (86.0%) | 命中: narrative:17905, co-op:5010, cozy:12809, emotional:25337
05:51:11 | INFO     | 批次完成 | 当前命中: narrative:17913, co-op:5014, cozy:12813, emotional:25346
05:51:11 | INFO     | 处理批次 451 / 524，app 数 500…
05:56:12 | INFO     | 进度: 225200/261603 (86.1%) | 命中: narrative:17913, co-op:5014, cozy:12813, emotional:25346
05:59:51 | INFO     | 进度: 225400/261603 (86.2%) | 命中: narrative:17913, co-op:5014, cozy:12813, emotional:25346
06:01:25 | INFO     | 批次完成 | 当前命中: narrative:17917, co-op:5014, cozy:12813, emotional:25350
06:01:25 | INFO     | 处理批次 452 / 524，app 数 500…
06:01:37 | INFO     | 进度: 225600/261603 (86.2%) | 命中: narrative:17917, co-op:5014, cozy:12813, emotional:25350
06:06:39 | INFO     | 进度: 225800/261603 (86.3%) | 命中: narrative:17917, co-op:5014, cozy:12813, emotional:25350
06:11:40 | INFO     | 进度: 226000/261603 (86.4%) | 命中: narrative:17917, co-op:5014, cozy:12813, emotional:25350
06:11:40 | INFO     | 批次完成 | 当前命中: narrative:17923, co-op:5016, cozy:12816, emotional:25355
06:11:40 | INFO     | 处理批次 453 / 524，app 数 500…
06:16:41 | INFO     | 进度: 226200/261603 (86.5%) | 命中: narrative:17923, co-op:5016, cozy:12816, emotional:25355
06:20:20 | INFO     | 进度: 226400/261603 (86.5%) | 命中: narrative:17923, co-op:5016, cozy:12816, emotional:25355
06:21:55 | INFO     | 批次完成 | 当前命中: narrative:17930, co-op:5017, cozy:12822, emotional:25363
06:21:55 | INFO     | 处理批次 454 / 524，app 数 500…
06:22:07 | INFO     | 进度: 226600/261603 (86.6%) | 命中: narrative:17930, co-op:5017, cozy:12822, emotional:25363
06:27:09 | INFO     | 进度: 226800/261603 (86.7%) | 命中: narrative:17930, co-op:5017, cozy:12822, emotional:25363
06:32:09 | INFO     | 进度: 227000/261603 (86.8%) | 命中: narrative:17930, co-op:5017, cozy:12822, emotional:25363
06:32:09 | INFO     | 批次完成 | 当前命中: narrative:17937, co-op:5019, cozy:12826, emotional:25373
06:32:09 | INFO     | 处理批次 455 / 524，app 数 500…
06:37:11 | INFO     | 进度: 227200/261603 (86.8%) | 命中: narrative:17937, co-op:5019, cozy:12826, emotional:25373
06:41:54 | INFO     | 进度: 227400/261603 (86.9%) | 命中: narrative:17937, co-op:5019, cozy:12826, emotional:25373
06:42:24 | INFO     | 批次完成 | 当前命中: narrative:17946, co-op:5020, cozy:12830, emotional:25383
06:42:24 | INFO     | 处理批次 456 / 524，app 数 500…
06:42:36 | INFO     | 进度: 227600/261603 (87.0%) | 命中: narrative:17946, co-op:5020, cozy:12830, emotional:25383
06:47:37 | INFO     | 进度: 227800/261603 (87.1%) | 命中: narrative:17946, co-op:5020, cozy:12830, emotional:25383
06:52:38 | INFO     | 进度: 228000/261603 (87.2%) | 命中: narrative:17946, co-op:5020, cozy:12830, emotional:25383
06:52:38 | INFO     | 批次完成 | 当前命中: narrative:17947, co-op:5022, cozy:12832, emotional:25388
06:52:38 | INFO     | 处理批次 457 / 524，app 数 500…
06:57:40 | INFO     | 进度: 228200/261603 (87.2%) | 命中: narrative:17947, co-op:5022, cozy:12832, emotional:25388
07:02:41 | INFO     | 进度: 228400/261603 (87.3%) | 命中: narrative:17947, co-op:5022, cozy:12832, emotional:25388
07:02:53 | INFO     | 批次完成 | 当前命中: narrative:17952, co-op:5024, cozy:12835, emotional:25396
07:02:53 | INFO     | 处理批次 458 / 524，app 数 500…
07:03:05 | INFO     | 进度: 228600/261603 (87.4%) | 命中: narrative:17952, co-op:5024, cozy:12835, emotional:25396
07:08:06 | INFO     | 进度: 228800/261603 (87.5%) | 命中: narrative:17952, co-op:5024, cozy:12835, emotional:25396
07:13:08 | INFO     | 进度: 229000/261603 (87.5%) | 命中: narrative:17952, co-op:5024, cozy:12835, emotional:25396
07:13:08 | INFO     | 批次完成 | 当前命中: narrative:17957, co-op:5025, cozy:12841, emotional:25403
07:13:08 | INFO     | 处理批次 459 / 524，app 数 500…
07:18:09 | INFO     | 进度: 229200/261603 (87.6%) | 命中: narrative:17957, co-op:5025, cozy:12841, emotional:25403
07:23:11 | INFO     | 进度: 229400/261603 (87.7%) | 命中: narrative:17957, co-op:5025, cozy:12841, emotional:25403
07:23:23 | INFO     | 批次完成 | 当前命中: narrative:17959, co-op:5026, cozy:12844, emotional:25408
07:23:23 | INFO     | 处理批次 460 / 524，app 数 500…
07:24:08 | INFO     | 进度: 229600/261603 (87.8%) | 命中: narrative:17959, co-op:5026, cozy:12844, emotional:25408
07:28:37 | INFO     | 进度: 229800/261603 (87.8%) | 命中: narrative:17959, co-op:5026, cozy:12844, emotional:25408
07:33:38 | INFO     | 进度: 230000/261603 (87.9%) | 命中: narrative:17959, co-op:5026, cozy:12844, emotional:25408
07:33:38 | INFO     | 批次完成 | 当前命中: narrative:17960, co-op:5026, cozy:12845, emotional:25409
07:33:38 | INFO     | 处理批次 461 / 524，app 数 500…
07:38:39 | INFO     | 进度: 230200/261603 (88.0%) | 命中: narrative:17960, co-op:5026, cozy:12845, emotional:25409
07:43:40 | INFO     | 进度: 230400/261603 (88.1%) | 命中: narrative:17960, co-op:5026, cozy:12845, emotional:25409
07:43:52 | INFO     | 批次完成 | 当前命中: narrative:17965, co-op:5029, cozy:12846, emotional:25418
07:43:52 | INFO     | 处理批次 462 / 524，app 数 500…
07:45:09 | INFO     | 进度: 230600/261603 (88.1%) | 命中: narrative:17965, co-op:5029, cozy:12846, emotional:25418
07:49:05 | INFO     | 进度: 230800/261603 (88.2%) | 命中: narrative:17965, co-op:5029, cozy:12846, emotional:25418
07:54:06 | INFO     | 进度: 231000/261603 (88.3%) | 命中: narrative:17965, co-op:5029, cozy:12846, emotional:25418
07:54:06 | INFO     | 批次完成 | 当前命中: narrative:17966, co-op:5030, cozy:12849, emotional:25420
07:54:06 | INFO     | 处理批次 463 / 524，app 数 500…
07:59:07 | INFO     | 进度: 231200/261603 (88.4%) | 命中: narrative:17966, co-op:5030, cozy:12849, emotional:25420
08:04:08 | INFO     | 进度: 231400/261603 (88.5%) | 命中: narrative:17966, co-op:5030, cozy:12849, emotional:25420
08:04:20 | INFO     | 批次完成 | 当前命中: narrative:17971, co-op:5030, cozy:12851, emotional:25425
08:04:20 | INFO     | 处理批次 464 / 524，app 数 500…
08:06:10 | INFO     | 进度: 231600/261603 (88.5%) | 命中: narrative:17971, co-op:5030, cozy:12851, emotional:25425
08:09:34 | INFO     | 进度: 231800/261603 (88.6%) | 命中: narrative:17971, co-op:5030, cozy:12851, emotional:25425
08:14:35 | INFO     | 进度: 232000/261603 (88.7%) | 命中: narrative:17971, co-op:5030, cozy:12851, emotional:25425
08:14:35 | INFO     | 批次完成 | 当前命中: narrative:17974, co-op:5031, cozy:12853, emotional:25429
08:14:35 | INFO     | 处理批次 465 / 524，app 数 500…
08:19:36 | INFO     | 进度: 232200/261603 (88.8%) | 命中: narrative:17974, co-op:5031, cozy:12853, emotional:25429
08:24:37 | INFO     | 进度: 232400/261603 (88.8%) | 命中: narrative:17974, co-op:5031, cozy:12853, emotional:25429
08:24:49 | INFO     | 批次完成 | 当前命中: narrative:17975, co-op:5031, cozy:12855, emotional:25432
08:24:49 | INFO     | 处理批次 466 / 524，app 数 500…
08:27:11 | INFO     | 进度: 232600/261603 (88.9%) | 命中: narrative:17975, co-op:5031, cozy:12855, emotional:25432
08:30:02 | INFO     | 进度: 232800/261603 (89.0%) | 命中: narrative:17975, co-op:5031, cozy:12855, emotional:25432
08:35:02 | INFO     | 进度: 233000/261603 (89.1%) | 命中: narrative:17975, co-op:5031, cozy:12855, emotional:25432
08:35:02 | INFO     | 批次完成 | 当前命中: narrative:17979, co-op:5031, cozy:12856, emotional:25435
08:35:02 | INFO     | 处理批次 467 / 524，app 数 500…
08:39:56 | INFO     | 进度: 233200/261603 (89.1%) | 命中: narrative:17979, co-op:5031, cozy:12856, emotional:25435
08:44:56 | INFO     | 进度: 233400/261603 (89.2%) | 命中: narrative:17979, co-op:5031, cozy:12856, emotional:25435
08:45:08 | INFO     | 批次完成 | 当前命中: narrative:17981, co-op:5031, cozy:12858, emotional:25438
08:45:08 | INFO     | 处理批次 468 / 524，app 数 500…
08:47:30 | INFO     | 进度: 233600/261603 (89.3%) | 命中: narrative:17981, co-op:5031, cozy:12858, emotional:25438
08:50:09 | INFO     | 进度: 233800/261603 (89.4%) | 命中: narrative:17981, co-op:5031, cozy:12858, emotional:25438
08:55:10 | INFO     | 进度: 234000/261603 (89.4%) | 命中: narrative:17981, co-op:5031, cozy:12858, emotional:25438
08:55:10 | INFO     | 批次完成 | 当前命中: narrative:17985, co-op:5031, cozy:12862, emotional:25443
08:55:10 | INFO     | 处理批次 469 / 524，app 数 500…
09:00:11 | INFO     | 进度: 234200/261603 (89.5%) | 命中: narrative:17985, co-op:5031, cozy:12862, emotional:25443
09:05:12 | INFO     | 进度: 234400/261603 (89.6%) | 命中: narrative:17985, co-op:5031, cozy:12862, emotional:25443
09:05:25 | INFO     | 批次完成 | 当前命中: narrative:17987, co-op:5032, cozy:12863, emotional:25447
09:05:25 | INFO     | 处理批次 470 / 524，app 数 500…
09:08:19 | INFO     | 进度: 234600/261603 (89.7%) | 命中: narrative:17987, co-op:5032, cozy:12863, emotional:25447
09:10:38 | INFO     | 进度: 234800/261603 (89.8%) | 命中: narrative:17987, co-op:5032, cozy:12863, emotional:25447
09:15:39 | INFO     | 进度: 235000/261603 (89.8%) | 命中: narrative:17987, co-op:5032, cozy:12863, emotional:25447
09:15:39 | INFO     | 批次完成 | 当前命中: narrative:17990, co-op:5033, cozy:12866, emotional:25454
09:15:39 | INFO     | 处理批次 471 / 524，app 数 500…
09:20:41 | INFO     | 进度: 235200/261603 (89.9%) | 命中: narrative:17990, co-op:5033, cozy:12866, emotional:25454
09:25:42 | INFO     | 进度: 235400/261603 (90.0%) | 命中: narrative:17990, co-op:5033, cozy:12866, emotional:25454
09:25:54 | INFO     | 批次完成 | 当前命中: narrative:17993, co-op:5035, cozy:12866, emotional:25458
09:25:54 | INFO     | 处理批次 472 / 524，app 数 500…
09:29:22 | INFO     | 进度: 235600/261603 (90.1%) | 命中: narrative:17993, co-op:5035, cozy:12866, emotional:25458
09:31:08 | INFO     | 进度: 235800/261603 (90.1%) | 命中: narrative:17993, co-op:5035, cozy:12866, emotional:25458
09:36:10 | INFO     | 进度: 236000/261603 (90.2%) | 命中: narrative:17993, co-op:5035, cozy:12866, emotional:25458
09:36:10 | INFO     | 批次完成 | 当前命中: narrative:17996, co-op:5037, cozy:12867, emotional:25464
09:36:10 | INFO     | 处理批次 473 / 524，app 数 500…
09:41:12 | INFO     | 进度: 236200/261603 (90.3%) | 命中: narrative:17996, co-op:5037, cozy:12867, emotional:25464
09:46:13 | INFO     | 进度: 236400/261603 (90.4%) | 命中: narrative:17996, co-op:5037, cozy:12867, emotional:25464
09:46:25 | INFO     | 批次完成 | 当前命中: narrative:17997, co-op:5037, cozy:12868, emotional:25466
09:46:25 | INFO     | 处理批次 474 / 524，app 数 500…
09:50:24 | INFO     | 进度: 236600/261603 (90.4%) | 命中: narrative:17997, co-op:5037, cozy:12868, emotional:25466
09:51:38 | INFO     | 进度: 236800/261603 (90.5%) | 命中: narrative:17997, co-op:5037, cozy:12868, emotional:25466
09:56:40 | INFO     | 进度: 237000/261603 (90.6%) | 命中: narrative:17997, co-op:5037, cozy:12868, emotional:25466
09:56:40 | INFO     | 批次完成 | 当前命中: narrative:18001, co-op:5039, cozy:12872, emotional:25471
09:56:40 | INFO     | 处理批次 475 / 524，app 数 500…
10:01:42 | INFO     | 进度: 237200/261603 (90.7%) | 命中: narrative:18001, co-op:5039, cozy:12872, emotional:25471
10:06:43 | INFO     | 进度: 237400/261603 (90.7%) | 命中: narrative:18001, co-op:5039, cozy:12872, emotional:25471
10:06:55 | INFO     | 批次完成 | 当前命中: narrative:18005, co-op:5039, cozy:12873, emotional:25476
10:06:55 | INFO     | 处理批次 476 / 524，app 数 500…
10:11:27 | INFO     | 进度: 237600/261603 (90.8%) | 命中: narrative:18005, co-op:5039, cozy:12873, emotional:25476
10:12:05 | INFO     | 进度: 237800/261603 (90.9%) | 命中: narrative:18005, co-op:5039, cozy:12873, emotional:25476
10:16:54 | INFO     | 进度: 238000/261603 (91.0%) | 命中: narrative:18005, co-op:5039, cozy:12873, emotional:25476
10:16:54 | INFO     | 批次完成 | 当前命中: narrative:18008, co-op:5040, cozy:12876, emotional:25481
10:16:54 | INFO     | 处理批次 477 / 524，app 数 500…
10:21:57 | INFO     | 进度: 238200/261603 (91.1%) | 命中: narrative:18008, co-op:5040, cozy:12876, emotional:25481
10:26:59 | INFO     | 进度: 238400/261603 (91.1%) | 命中: narrative:18008, co-op:5040, cozy:12876, emotional:25481
10:27:10 | INFO     | 批次完成 | 当前命中: narrative:18012, co-op:5044, cozy:12878, emotional:25487
10:27:10 | INFO     | 处理批次 478 / 524，app 数 500…
10:32:00 | INFO     | 进度: 238600/261603 (91.2%) | 命中: narrative:18012, co-op:5044, cozy:12878, emotional:25487
10:32:26 | INFO     | 进度: 238800/261603 (91.3%) | 命中: narrative:18012, co-op:5044, cozy:12878, emotional:25487
10:37:27 | INFO     | 进度: 239000/261603 (91.4%) | 命中: narrative:18012, co-op:5044, cozy:12878, emotional:25487
10:37:27 | INFO     | 批次完成 | 当前命中: narrative:18016, co-op:5046, cozy:12881, emotional:25492
10:37:27 | INFO     | 处理批次 479 / 524，app 数 500…
10:42:31 | INFO     | 进度: 239200/261603 (91.4%) | 命中: narrative:18016, co-op:5046, cozy:12881, emotional:25492
10:47:32 | INFO     | 进度: 239400/261603 (91.5%) | 命中: narrative:18016, co-op:5046, cozy:12881, emotional:25492
10:47:44 | INFO     | 批次完成 | 当前命中: narrative:18021, co-op:5048, cozy:12885, emotional:25499
10:47:44 | INFO     | 处理批次 480 / 524，app 数 500…
10:52:34 | INFO     | 进度: 239600/261603 (91.6%) | 命中: narrative:18021, co-op:5048, cozy:12885, emotional:25499
10:53:30 | INFO     | 进度: 239800/261603 (91.7%) | 命中: narrative:18021, co-op:5048, cozy:12885, emotional:25499
10:57:58 | INFO     | 进度: 240000/261603 (91.7%) | 命中: narrative:18021, co-op:5048, cozy:12885, emotional:25499
10:57:58 | INFO     | 批次完成 | 当前命中: narrative:18023, co-op:5048, cozy:12885, emotional:25500
10:57:58 | INFO     | 处理批次 481 / 524，app 数 500…
11:02:52 | INFO     | 进度: 240200/261603 (91.8%) | 命中: narrative:18023, co-op:5048, cozy:12885, emotional:25500
11:07:51 | INFO     | 进度: 240400/261603 (91.9%) | 命中: narrative:18023, co-op:5048, cozy:12885, emotional:25500
11:08:03 | INFO     | 批次完成 | 当前命中: narrative:18023, co-op:5048, cozy:12885, emotional:25500
11:08:03 | INFO     | 处理批次 482 / 524，app 数 500…
11:12:41 | INFO     | 进度: 240600/261603 (92.0%) | 命中: narrative:18023, co-op:5048, cozy:12885, emotional:25500
11:14:09 | INFO     | 进度: 240800/261603 (92.0%) | 命中: narrative:18023, co-op:5048, cozy:12885, emotional:25500
11:18:05 | INFO     | 进度: 241000/261603 (92.1%) | 命中: narrative:18023, co-op:5048, cozy:12885, emotional:25500
11:18:05 | INFO     | 批次完成 | 当前命中: narrative:18025, co-op:5051, cozy:12886, emotional:25502
11:18:05 | INFO     | 处理批次 483 / 524，app 数 500…
11:23:06 | INFO     | 进度: 241200/261603 (92.2%) | 命中: narrative:18025, co-op:5051, cozy:12886, emotional:25502
11:28:06 | INFO     | 进度: 241400/261603 (92.3%) | 命中: narrative:18025, co-op:5051, cozy:12886, emotional:25502
11:28:18 | INFO     | 批次完成 | 当前命中: narrative:18026, co-op:5053, cozy:12888, emotional:25505
11:28:18 | INFO     | 处理批次 484 / 524，app 数 500…
11:33:07 | INFO     | 进度: 241600/261603 (92.4%) | 命中: narrative:18026, co-op:5053, cozy:12888, emotional:25505
11:35:08 | INFO     | 进度: 241800/261603 (92.4%) | 命中: narrative:18026, co-op:5053, cozy:12888, emotional:25505
11:38:31 | INFO     | 进度: 242000/261603 (92.5%) | 命中: narrative:18026, co-op:5053, cozy:12888, emotional:25505
11:38:31 | INFO     | 批次完成 | 当前命中: narrative:18027, co-op:5053, cozy:12888, emotional:25506
11:38:31 | INFO     | 处理批次 485 / 524，app 数 500…
11:43:32 | INFO     | 进度: 242200/261603 (92.6%) | 命中: narrative:18027, co-op:5053, cozy:12888, emotional:25506
11:48:32 | INFO     | 进度: 242400/261603 (92.7%) | 命中: narrative:18027, co-op:5053, cozy:12888, emotional:25506
11:48:44 | INFO     | 批次完成 | 当前命中: narrative:18029, co-op:5053, cozy:12890, emotional:25509
11:48:44 | INFO     | 处理批次 486 / 524，app 数 500…
11:53:33 | INFO     | 进度: 242600/261603 (92.7%) | 命中: narrative:18029, co-op:5053, cozy:12890, emotional:25509
11:56:06 | INFO     | 进度: 242800/261603 (92.8%) | 命中: narrative:18029, co-op:5053, cozy:12890, emotional:25509
11:58:57 | INFO     | 进度: 243000/261603 (92.9%) | 命中: narrative:18029, co-op:5053, cozy:12890, emotional:25509
11:58:57 | INFO     | 批次完成 | 当前命中: narrative:18030, co-op:5054, cozy:12893, emotional:25512
11:58:57 | INFO     | 处理批次 487 / 524，app 数 500…
12:03:58 | INFO     | 进度: 243200/261603 (93.0%) | 命中: narrative:18030, co-op:5054, cozy:12893, emotional:25512
12:08:58 | INFO     | 进度: 243400/261603 (93.0%) | 命中: narrative:18030, co-op:5054, cozy:12893, emotional:25512
12:09:10 | INFO     | 批次完成 | 当前命中: narrative:18032, co-op:5056, cozy:12895, emotional:25516
12:09:10 | INFO     | 处理批次 488 / 524，app 数 500…
12:13:59 | INFO     | 进度: 243600/261603 (93.1%) | 命中: narrative:18032, co-op:5056, cozy:12895, emotional:25516
12:17:05 | INFO     | 进度: 243800/261603 (93.2%) | 命中: narrative:18032, co-op:5056, cozy:12895, emotional:25516
12:19:23 | INFO     | 进度: 244000/261603 (93.3%) | 命中: narrative:18032, co-op:5056, cozy:12895, emotional:25516
12:19:23 | INFO     | 批次完成 | 当前命中: narrative:18032, co-op:5056, cozy:12896, emotional:25517
12:19:23 | INFO     | 处理批次 489 / 524，app 数 500…
12:24:24 | INFO     | 进度: 244200/261603 (93.3%) | 命中: narrative:18032, co-op:5056, cozy:12896, emotional:25517
12:29:24 | INFO     | 进度: 244400/261603 (93.4%) | 命中: narrative:18032, co-op:5056, cozy:12896, emotional:25517
12:29:36 | INFO     | 批次完成 | 当前命中: narrative:18034, co-op:5057, cozy:12898, emotional:25521
12:29:36 | INFO     | 处理批次 490 / 524，app 数 500…
12:34:25 | INFO     | 进度: 244600/261603 (93.5%) | 命中: narrative:18034, co-op:5057, cozy:12898, emotional:25521
12:38:02 | INFO     | 进度: 244800/261603 (93.6%) | 命中: narrative:18034, co-op:5057, cozy:12898, emotional:25521
12:39:48 | INFO     | 进度: 245000/261603 (93.7%) | 命中: narrative:18034, co-op:5057, cozy:12898, emotional:25521
12:39:48 | INFO     | 批次完成 | 当前命中: narrative:18034, co-op:5057, cozy:12898, emotional:25521
12:39:48 | INFO     | 处理批次 491 / 524，app 数 500…
12:44:49 | INFO     | 进度: 245200/261603 (93.7%) | 命中: narrative:18034, co-op:5057, cozy:12898, emotional:25521
12:49:48 | INFO     | 进度: 245400/261603 (93.8%) | 命中: narrative:18034, co-op:5057, cozy:12898, emotional:25521
12:50:00 | INFO     | 批次完成 | 当前命中: narrative:18034, co-op:5057, cozy:12898, emotional:25521
12:50:00 | INFO     | 处理批次 492 / 524，app 数 500…
12:54:48 | INFO     | 进度: 245600/261603 (93.9%) | 命中: narrative:18034, co-op:5057, cozy:12898, emotional:25521
12:58:58 | INFO     | 进度: 245800/261603 (94.0%) | 命中: narrative:18034, co-op:5057, cozy:12898, emotional:25521
13:00:12 | INFO     | 进度: 246000/261603 (94.0%) | 命中: narrative:18034, co-op:5057, cozy:12898, emotional:25521
13:00:12 | INFO     | 批次完成 | 当前命中: narrative:18036, co-op:5057, cozy:12899, emotional:25524
13:00:12 | INFO     | 处理批次 493 / 524，app 数 500…
13:05:13 | INFO     | 进度: 246200/261603 (94.1%) | 命中: narrative:18036, co-op:5057, cozy:12899, emotional:25524
13:10:13 | INFO     | 进度: 246400/261603 (94.2%) | 命中: narrative:18036, co-op:5057, cozy:12899, emotional:25524
13:10:25 | INFO     | 批次完成 | 当前命中: narrative:18039, co-op:5058, cozy:12900, emotional:25528
13:10:25 | INFO     | 处理批次 494 / 524，app 数 500…
13:15:14 | INFO     | 进度: 246600/261603 (94.3%) | 命中: narrative:18039, co-op:5058, cozy:12900, emotional:25528
13:19:57 | INFO     | 进度: 246800/261603 (94.3%) | 命中: narrative:18039, co-op:5058, cozy:12900, emotional:25528
13:20:37 | INFO     | 进度: 247000/261603 (94.4%) | 命中: narrative:18039, co-op:5058, cozy:12900, emotional:25528
13:20:37 | INFO     | 批次完成 | 当前命中: narrative:18044, co-op:5059, cozy:12902, emotional:25533
13:20:37 | INFO     | 处理批次 495 / 524，app 数 500…
13:25:30 | INFO     | 进度: 247200/261603 (94.5%) | 命中: narrative:18044, co-op:5059, cozy:12902, emotional:25533
13:30:29 | INFO     | 进度: 247400/261603 (94.6%) | 命中: narrative:18044, co-op:5059, cozy:12902, emotional:25533
13:30:41 | INFO     | 批次完成 | 当前命中: narrative:18045, co-op:5059, cozy:12902, emotional:25534
13:30:41 | INFO     | 处理批次 496 / 524，app 数 500…
13:35:18 | INFO     | 进度: 247600/261603 (94.6%) | 命中: narrative:18045, co-op:5059, cozy:12902, emotional:25534
13:40:19 | INFO     | 进度: 247800/261603 (94.7%) | 命中: narrative:18045, co-op:5059, cozy:12902, emotional:25534
13:40:42 | INFO     | 进度: 248000/261603 (94.8%) | 命中: narrative:18045, co-op:5059, cozy:12902, emotional:25534
13:40:42 | INFO     | 批次完成 | 当前命中: narrative:18045, co-op:5059, cozy:12902, emotional:25534
13:40:42 | INFO     | 处理批次 497 / 524，app 数 500…
13:45:43 | INFO     | 进度: 248200/261603 (94.9%) | 命中: narrative:18045, co-op:5059, cozy:12902, emotional:25534
13:50:43 | INFO     | 进度: 248400/261603 (95.0%) | 命中: narrative:18045, co-op:5059, cozy:12902, emotional:25534
13:51:27 | INFO     | 批次完成 | 当前命中: narrative:18045, co-op:5059, cozy:12902, emotional:25534
13:51:27 | INFO     | 处理批次 498 / 524，app 数 500…
13:55:44 | INFO     | 进度: 248600/261603 (95.0%) | 命中: narrative:18045, co-op:5059, cozy:12902, emotional:25534
14:00:44 | INFO     | 进度: 248800/261603 (95.1%) | 命中: narrative:18045, co-op:5059, cozy:12902, emotional:25534
14:01:40 | INFO     | 进度: 249000/261603 (95.2%) | 命中: narrative:18045, co-op:5059, cozy:12902, emotional:25534
14:01:40 | INFO     | 批次完成 | 当前命中: narrative:18045, co-op:5060, cozy:12902, emotional:25536
14:01:40 | INFO     | 处理批次 499 / 524，app 数 500…
14:06:08 | INFO     | 进度: 249200/261603 (95.3%) | 命中: narrative:18045, co-op:5060, cozy:12902, emotional:25536
14:11:08 | INFO     | 进度: 249400/261603 (95.3%) | 命中: narrative:18045, co-op:5060, cozy:12902, emotional:25536
14:12:24 | INFO     | 批次完成 | 当前命中: narrative:18046, co-op:5061, cozy:12903, emotional:25538
14:12:24 | INFO     | 处理批次 500 / 524，app 数 500…
14:16:08 | INFO     | 进度: 249600/261603 (95.4%) | 命中: narrative:18046, co-op:5061, cozy:12903, emotional:25538
14:21:08 | INFO     | 进度: 249800/261603 (95.5%) | 命中: narrative:18046, co-op:5061, cozy:12903, emotional:25538
14:23:09 | INFO     | 进度: 250000/261603 (95.6%) | 命中: narrative:18046, co-op:5061, cozy:12903, emotional:25538
14:23:09 | INFO     | 批次完成 | 当前命中: narrative:18046, co-op:5062, cozy:12905, emotional:25540
14:23:09 | INFO     | 处理批次 501 / 524，app 数 500…
14:26:32 | INFO     | 进度: 250200/261603 (95.6%) | 命中: narrative:18046, co-op:5062, cozy:12905, emotional:25540
14:31:32 | INFO     | 进度: 250400/261603 (95.7%) | 命中: narrative:18046, co-op:5062, cozy:12905, emotional:25540
14:33:21 | INFO     | 批次完成 | 当前命中: narrative:18047, co-op:5062, cozy:12906, emotional:25542
14:33:21 | INFO     | 处理批次 502 / 524，app 数 500…
14:36:32 | INFO     | 进度: 250600/261603 (95.8%) | 命中: narrative:18047, co-op:5062, cozy:12906, emotional:25542
14:41:33 | INFO     | 进度: 250800/261603 (95.9%) | 命中: narrative:18047, co-op:5062, cozy:12906, emotional:25542
14:43:01 | INFO     | 进度: 251000/261603 (95.9%) | 命中: narrative:18047, co-op:5062, cozy:12906, emotional:25542
14:43:01 | INFO     | 批次完成 | 当前命中: narrative:18047, co-op:5063, cozy:12906, emotional:25543
14:43:01 | INFO     | 处理批次 503 / 524，app 数 500…
14:46:57 | INFO     | 进度: 251200/261603 (96.0%) | 命中: narrative:18047, co-op:5063, cozy:12906, emotional:25543
14:51:56 | INFO     | 进度: 251400/261603 (96.1%) | 命中: narrative:18047, co-op:5063, cozy:12906, emotional:25543
14:52:08 | INFO     | 批次完成 | 当前命中: narrative:18047, co-op:5063, cozy:12906, emotional:25543
14:52:08 | INFO     | 处理批次 504 / 524，app 数 500…
14:56:57 | INFO     | 进度: 251600/261603 (96.2%) | 命中: narrative:18047, co-op:5063, cozy:12906, emotional:25543
15:00:35 | INFO     | 进度: 251800/261603 (96.3%) | 命中: narrative:18047, co-op:5063, cozy:12906, emotional:25543
15:02:21 | INFO     | 进度: 252000/261603 (96.3%) | 命中: narrative:18047, co-op:5063, cozy:12906, emotional:25543
15:02:21 | INFO     | 批次完成 | 当前命中: narrative:18047, co-op:5063, cozy:12906, emotional:25543
15:02:21 | INFO     | 处理批次 505 / 524，app 数 500…
15:07:22 | INFO     | 进度: 252200/261603 (96.4%) | 命中: narrative:18047, co-op:5063, cozy:12906, emotional:25543
15:12:22 | INFO     | 进度: 252400/261603 (96.5%) | 命中: narrative:18047, co-op:5063, cozy:12906, emotional:25543
15:12:33 | INFO     | 批次完成 | 当前命中: narrative:18047, co-op:5064, cozy:12907, emotional:25544
15:12:33 | INFO     | 处理批次 506 / 524，app 数 500…
15:17:21 | INFO     | 进度: 252600/261603 (96.6%) | 命中: narrative:18047, co-op:5064, cozy:12907, emotional:25544
15:19:54 | INFO     | 进度: 252800/261603 (96.6%) | 命中: narrative:18047, co-op:5064, cozy:12907, emotional:25544
15:22:44 | INFO     | 进度: 253000/261603 (96.7%) | 命中: narrative:18047, co-op:5064, cozy:12907, emotional:25544
15:22:44 | INFO     | 批次完成 | 当前命中: narrative:18047, co-op:5064, cozy:12907, emotional:25544
15:22:44 | INFO     | 处理批次 507 / 524，app 数 500…
15:27:45 | INFO     | 进度: 253200/261603 (96.8%) | 命中: narrative:18047, co-op:5064, cozy:12907, emotional:25544
15:32:44 | INFO     | 进度: 253400/261603 (96.9%) | 命中: narrative:18047, co-op:5064, cozy:12907, emotional:25544
15:32:56 | INFO     | 批次完成 | 当前命中: narrative:18047, co-op:5064, cozy:12907, emotional:25544
15:32:56 | INFO     | 处理批次 508 / 524，app 数 500…
15:37:44 | INFO     | 进度: 253600/261603 (96.9%) | 命中: narrative:18047, co-op:5064, cozy:12907, emotional:25544
15:40:18 | INFO     | 进度: 253800/261603 (97.0%) | 命中: narrative:18047, co-op:5064, cozy:12907, emotional:25544
15:43:08 | INFO     | 进度: 254000/261603 (97.1%) | 命中: narrative:18047, co-op:5064, cozy:12907, emotional:25544
15:43:08 | INFO     | 批次完成 | 当前命中: narrative:18047, co-op:5064, cozy:12907, emotional:25544
15:43:08 | INFO     | 处理批次 509 / 524，app 数 500…
15:48:08 | INFO     | 进度: 254200/261603 (97.2%) | 命中: narrative:18047, co-op:5064, cozy:12907, emotional:25544
15:53:08 | INFO     | 进度: 254400/261603 (97.2%) | 命中: narrative:18047, co-op:5064, cozy:12907, emotional:25544
15:53:20 | INFO     | 批次完成 | 当前命中: narrative:18047, co-op:5064, cozy:12907, emotional:25544
15:53:20 | INFO     | 处理批次 510 / 524，app 数 500…
15:58:08 | INFO     | 进度: 254600/261603 (97.3%) | 命中: narrative:18047, co-op:5064, cozy:12907, emotional:25544
16:01:14 | INFO     | 进度: 254800/261603 (97.4%) | 命中: narrative:18047, co-op:5064, cozy:12907, emotional:25544
16:03:32 | INFO     | 进度: 255000/261603 (97.5%) | 命中: narrative:18047, co-op:5064, cozy:12907, emotional:25544
16:03:32 | INFO     | 批次完成 | 当前命中: narrative:18047, co-op:5064, cozy:12907, emotional:25544
16:03:32 | INFO     | 处理批次 511 / 524，app 数 500…
16:08:34 | INFO     | 进度: 255200/261603 (97.6%) | 命中: narrative:18047, co-op:5064, cozy:12907, emotional:25544
16:13:35 | INFO     | 进度: 255400/261603 (97.6%) | 命中: narrative:18047, co-op:5064, cozy:12907, emotional:25544
16:13:46 | INFO     | 批次完成 | 当前命中: narrative:18047, co-op:5064, cozy:12907, emotional:25544
16:13:46 | INFO     | 处理批次 512 / 524，app 数 500…
16:18:35 | INFO     | 进度: 255600/261603 (97.7%) | 命中: narrative:18047, co-op:5064, cozy:12907, emotional:25544
16:22:12 | INFO     | 进度: 255800/261603 (97.8%) | 命中: narrative:18047, co-op:5064, cozy:12907, emotional:25544
16:23:58 | INFO     | 进度: 256000/261603 (97.9%) | 命中: narrative:18047, co-op:5064, cozy:12907, emotional:25544
16:23:58 | INFO     | 批次完成 | 当前命中: narrative:18047, co-op:5064, cozy:12907, emotional:25544
16:23:58 | INFO     | 处理批次 513 / 524，app 数 500…
16:28:58 | INFO     | 进度: 256200/261603 (97.9%) | 命中: narrative:18047, co-op:5064, cozy:12907, emotional:25544
16:33:57 | INFO     | 进度: 256400/261603 (98.0%) | 命中: narrative:18047, co-op:5064, cozy:12907, emotional:25544
16:34:09 | INFO     | 批次完成 | 当前命中: narrative:18047, co-op:5064, cozy:12907, emotional:25544
16:34:09 | INFO     | 处理批次 514 / 524，app 数 500…
16:38:58 | INFO     | 进度: 256600/261603 (98.1%) | 命中: narrative:18047, co-op:5064, cozy:12907, emotional:25544
16:40:10 | INFO     | 进度: 256800/261603 (98.2%) | 命中: narrative:18047, co-op:5064, cozy:12907, emotional:25544
16:40:31 | INFO     | 进度: 257000/261603 (98.2%) | 命中: narrative:18047, co-op:5064, cozy:12907, emotional:25544
16:40:31 | INFO     | 批次完成 | 当前命中: narrative:18047, co-op:5064, cozy:12907, emotional:25544
16:40:31 | INFO     | 处理批次 515 / 524，app 数 500…
16:44:15 | INFO     | 进度: 257200/261603 (98.3%) | 命中: narrative:18047, co-op:5064, cozy:12907, emotional:25544
16:47:38 | INFO     | 进度: 257400/261603 (98.4%) | 命中: narrative:18047, co-op:5064, cozy:12907, emotional:25544
16:49:05 | INFO     | 批次完成 | 当前命中: narrative:18047, co-op:5064, cozy:12907, emotional:25544
16:49:05 | INFO     | 处理批次 516 / 524，app 数 500…
16:49:17 | INFO     | 进度: 257600/261603 (98.5%) | 命中: narrative:18047, co-op:5064, cozy:12907, emotional:25544
16:49:39 | INFO     | 进度: 257800/261603 (98.5%) | 命中: narrative:18047, co-op:5064, cozy:12907, emotional:25544
16:54:23 | INFO     | 进度: 258000/261603 (98.6%) | 命中: narrative:18047, co-op:5064, cozy:12907, emotional:25544
16:54:23 | INFO     | 批次完成 | 当前命中: narrative:18047, co-op:5064, cozy:12907, emotional:25544
16:54:23 | INFO     | 处理批次 517 / 524，app 数 500…
16:59:24 | INFO     | 进度: 258200/261603 (98.7%) | 命中: narrative:18047, co-op:5064, cozy:12907, emotional:25544
17:03:02 | INFO     | 进度: 258400/261603 (98.8%) | 命中: narrative:18047, co-op:5064, cozy:12907, emotional:25544
17:04:36 | INFO     | 批次完成 | 当前命中: narrative:18047, co-op:5064, cozy:12907, emotional:25544
17:04:36 | INFO     | 处理批次 518 / 524，app 数 500…
17:04:47 | INFO     | 进度: 258600/261603 (98.9%) | 命中: narrative:18047, co-op:5064, cozy:12907, emotional:25544
17:09:44 | INFO     | 进度: 258800/261603 (98.9%) | 命中: narrative:18047, co-op:5064, cozy:12907, emotional:25544
17:14:33 | INFO     | 进度: 259000/261603 (99.0%) | 命中: narrative:18047, co-op:5064, cozy:12907, emotional:25544
17:14:33 | INFO     | 批次完成 | 当前命中: narrative:18047, co-op:5064, cozy:12907, emotional:25544
17:14:33 | INFO     | 处理批次 519 / 524，app 数 500…
17:19:34 | INFO     | 进度: 259200/261603 (99.1%) | 命中: narrative:18047, co-op:5064, cozy:12907, emotional:25544
17:22:08 | INFO     | 进度: 259400/261603 (99.2%) | 命中: narrative:18047, co-op:5064, cozy:12907, emotional:25544
17:24:47 | INFO     | 批次完成 | 当前命中: narrative:18047, co-op:5064, cozy:12907, emotional:25544
17:24:47 | INFO     | 处理批次 520 / 524，app 数 500…
17:24:59 | INFO     | 进度: 259600/261603 (99.2%) | 命中: narrative:18047, co-op:5064, cozy:12907, emotional:25544
17:29:59 | INFO     | 进度: 259800/261603 (99.3%) | 命中: narrative:18047, co-op:5064, cozy:12907, emotional:25544
17:34:59 | INFO     | 进度: 260000/261603 (99.4%) | 命中: narrative:18047, co-op:5064, cozy:12907, emotional:25544
17:34:59 | INFO     | 批次完成 | 当前命中: narrative:18047, co-op:5064, cozy:12907, emotional:25544
17:34:59 | INFO     | 处理批次 521 / 524，app 数 500…
17:40:01 | INFO     | 进度: 260200/261603 (99.5%) | 命中: narrative:18047, co-op:5064, cozy:12907, emotional:25544
17:43:06 | INFO     | 进度: 260400/261603 (99.5%) | 命中: narrative:18047, co-op:5064, cozy:12907, emotional:25544
17:45:13 | INFO     | 批次完成 | 当前命中: narrative:18047, co-op:5064, cozy:12907, emotional:25544
17:45:13 | INFO     | 处理批次 522 / 524，app 数 500…
17:45:25 | INFO     | 进度: 260600/261603 (99.6%) | 命中: narrative:18047, co-op:5064, cozy:12907, emotional:25544
17:50:25 | INFO     | 进度: 260800/261603 (99.7%) | 命中: narrative:18047, co-op:5064, cozy:12907, emotional:25544
17:55:25 | INFO     | 进度: 261000/261603 (99.8%) | 命中: narrative:18047, co-op:5064, cozy:12907, emotional:25544
17:55:25 | INFO     | 批次完成 | 当前命中: narrative:18047, co-op:5064, cozy:12907, emotional:25544
17:55:25 | INFO     | 处理批次 523 / 524，app 数 500…
18:00:26 | INFO     | 进度: 261200/261603 (99.8%) | 命中: narrative:18047, co-op:5064, cozy:12907, emotional:25544
18:04:04 | INFO     | 进度: 261400/261603 (99.9%) | 命中: narrative:18047, co-op:5064, cozy:12907, emotional:25544
18:05:38 | INFO     | 批次完成 | 当前命中: narrative:18047, co-op:5064, cozy:12907, emotional:25544
18:05:38 | INFO     | 处理批次 524 / 524，app 数 103…
18:05:50 | INFO     | 进度: 261600/261603 (100.0%) | 命中: narrative:18047, co-op:5064, cozy:12907, emotional:25544
18:05:51 | INFO     | 批次完成 | 当前命中: narrative:18047, co-op:5064, cozy:12907, emotional:25544
18:05:51 | INFO     | 完成扫描 | 最终命中: narrative:18047, co-op:5064, cozy:12907, emotional:25544
18:05:51 | INFO     | 导出 narrative: /home/ec2-user/steam_scraper/exports/steam_recent_narrative_unreleased_2025-08-19.csv
18:05:51 | INFO     | 导出 co-op: /home/ec2-user/steam_scraper/exports/steam_recent_co-op_unreleased_2025-08-19.csv
18:05:51 | INFO     | 导出 cozy: /home/ec2-user/steam_scraper/exports/steam_recent_cozy_unreleased_2025-08-19.csv
18:05:51 | INFO     | 导出 emotional: /home/ec2-user/steam_scraper/exports/steam_recent_emotional_unreleased_2025-08-19.csv
18:05:51 | INFO     | 完成！
